x_center,y_center,z_center,cp
303.31085205078125,-592.0765177408854,200.95420583089194,1.0241597011962063
257.59913126627606,-630.1913045247396,294.1561330159505,0.8789764404519119
-108.3424466451009,-630.1913045247396,-375.6954345703125,0.07891101563024419
-5.217581431070964,-592.0765177408854,-363.8033040364583,0.17809398773756002
238.3240737915039,-592.0765177408854,-277.76902262369794,0.3214923455042139
151.5944506327311,-630.1913045247396,-363.7610677083333,0.038761423221143586
346.74574788411456,-630.1913045247396,-189.42806752522787,0.1110264207882253
388.00121053059894,-630.1913045247396,68.97861226399739,0.3882517806689559
362.5016174316406,-592.0765177408854,-50.46355183919271,0.6407262094167219
-303.31085205078125,-592.0765177408854,-200.95420583089194,0.3086019385413309
-257.59913126627606,-630.1913045247396,-294.1561330159505,0.15797851018246337
108.3424466451009,-630.1913045247396,375.6954345703125,1.1111090438409505
5.217581431070964,-592.0765177408854,363.8033040364583,1.3122059567393451
-238.3240737915039,-592.0765177408854,277.76902262369794,1.2284394250734902
-151.5944506327311,-630.1913045247396,363.7610677083333,0.8903466931875808
-346.74574788411456,-630.1913045247396,189.42806752522787,0.5408125280165443
-388.00121053059894,-630.1913045247396,-68.97861226399739,0.26766383548104794
-362.5016174316406,-592.0765177408854,50.46355183919271,0.7654484181749635
162.01064682006836,-725.9153645833334,-399.2617899576823,0.0
241.93567403157553,-783.5246378580729,-377.9803873697917,0.0
230.63509623209634,-898.7431844075521,-417.24522908528644,0.0
322.3097737630208,-725.9153645833334,287.3515370686849,0.4851815400551664
266.79897054036456,-783.5246378580729,363.1156005859375,0.36781954411420636
278.5403188069661,-898.7431844075521,384.6079915364583,0.3678194670179709
347.7741343180339,-956.3524576822916,334.91321818033856,0.2524488580218502
-93.91658592224121,-956.3524576822916,-473.5962320963542,0.0
-173.1404889424642,-898.7431844075521,-442.1881815592448,0.0
-161.39914067586264,-783.5246378580729,-420.69579060872394,0.0
-67.65325927734375,-725.9153645833334,-426.4710286458333,0.0
45.88780212402344,-783.5246378580729,-450.0796203613281,0.0
136.1880906422933,-956.3524576822916,-464.15944417317706,0.0
31.36582374572754,-898.7431844075521,-475.7124328613281,0.0
335.4676005045573,-783.5246378580729,-302.6386210123698,0.0
334.91321818033856,-956.3524576822916,-347.7741343180339,0.0
435.91553751627606,-783.5246378580729,-118.76990636189778,0.007403382169915631
379.2139078776042,-725.9153645833334,-207.1655044555664,0.03758261423696301
473.5962320963542,-956.3524576822916,-93.91658592224121,0.003948638458294634
442.1881815592448,-898.7431844075521,-173.1404889424642,0.015353685953906328
403.522216796875,-783.5246378580729,204.56580607096353,0.1720410471905144
423.50193277994794,-725.9153645833334,79.39480845133464,0.1796123028519399
448.77793375651044,-783.5246378580729,0.6418317159016927,0.12471483012581236
464.15944417317706,-956.3524576822916,136.1880906422933,0.07363663639367783
475.7124328613281,-898.7431844075521,31.36582374572754,0.12805457942854143
417.24522908528644,-898.7431844075521,230.63509623209634,0.2760804859263778
384.6079915364583,-898.7431844075521,-278.5403188069661,0.0
-162.01064682006836,-725.9153645833334,399.2617899576823,0.5885171458796628
-241.93567403157553,-783.5246378580729,377.9803873697917,0.5046209498818173
-230.63509623209634,-898.7431844075521,417.24522908528644,0.5108125299042173
-322.3097737630208,-725.9153645833334,-287.3515370686849,0.008690768330648958
-266.79897054036456,-783.5246378580729,-363.1156005859375,0.0
-278.5403188069661,-898.7431844075521,-384.6079915364583,0.0
-347.7741343180339,-956.3524576822916,-334.91321818033856,0.0
93.91658592224121,-956.3524576822916,473.5962320963542,0.3796261314614175
173.1404889424642,-898.7431844075521,442.1881815592448,0.477685250324702
161.39914067586264,-783.5246378580729,420.69579060872394,0.4776852906639304
67.65325927734375,-725.9153645833334,426.4710286458333,0.6835232137935044
-45.88780212402344,-783.5246378580729,450.0796203613281,0.4328275692913749
-136.1880906422933,-956.3524576822916,464.15944417317706,0.33973509750742054
-31.36582374572754,-898.7431844075521,475.7124328613281,0.5835168017706946
-335.4676005045573,-783.5246378580729,302.6386210123698,0.26434052802684094
-334.91321818033856,-956.3524576822916,347.7741343180339,0.2373195659774604
-435.91553751627606,-783.5246378580729,118.76990636189778,0.12835553932602584
-379.2139078776042,-725.9153645833334,207.1655044555664,0.37719180834084143
-473.5962320963542,-956.3524576822916,93.91658592224121,0.07786159523474545
-442.1881815592448,-898.7431844075521,173.1404889424642,0.15569058432608188
-403.522216796875,-783.5246378580729,-204.56580607096353,0.0
-423.50193277994794,-725.9153645833334,-79.39480845133464,0.09642831928693495
-448.77793375651044,-783.5246378580729,-0.6418317159016927,0.07477893469949388
-464.15944417317706,-956.3524576822916,-136.1880906422933,0.00016021765575921794
-475.7124328613281,-898.7431844075521,-31.36582374572754,0.07741377860400278
-417.24522908528644,-898.7431844075521,-230.63509623209634,0.012242725307505522
-384.6079915364583,-898.7431844075521,278.5403188069661,0.3020134624498143
-200.3440055847168,-1060.0879720052083,-646.7723999023438,0.16936577266668978
-141.20256678263345,-1106.2142130533855,-699.3024698893229,0.15781335529335536
-223.91717020670572,-1198.4667154947917,-743.2314860026041,0.0996766944143276
-191.66808064778647,-1244.5929768880208,-782.8992106119791,0.09967686917939256
-249.59588623046875,-1336.8454996744792,-829.0918172200521,0.09967698699023456
-212.80967712402344,-1382.9717610677083,-869.9878336588541,0.09967688029494548
-275.2746124267578,-1475.2242838541667,-914.9521484375,0.09967672360383097
-233.9512736002604,-1521.3505452473958,-957.0764363606771,0.09967687066689002
-300.9533335367839,-1613.6030680338542,-1000.8124593098959,0.09967674310733564
-255.0928700764974,-1659.7293294270833,-1044.165018717448,0.09967663464176969
-326.63205973307294,-1751.9818522135417,-1086.6727701822917,0.09967697777626149
-276.2344716389974,-1798.1081136067708,-1131.2536214192708,0.09967687844464763
-352.310785929362,-1890.3606363932292,-1172.5331217447917,0.09967696649742303
-297.3760681152344,-1936.4868977864583,-1218.3422444661458,0.09967685742727561
-355.1475779215495,-2028.7394205729167,-1265.8804931640625,0.11594037290240262
105.67961502075195,-1060.0879720052083,-668.9938151041666,0.16703073254381376
187.14470926920572,-1106.2142130533855,-689.1456909179688,0.14002511646770627
137.9083735148112,-1198.4667154947917,-763.8803914388021,0.09641371813550897
184.6512934366862,-1244.5929768880208,-784.5838216145834,0.09641363434679244
154.00823211669922,-1336.8454996744792,-852.0403849283854,0.0964134738912699
205.3513946533203,-1382.9717610677083,-871.7784016927084,0.0964136360553961
170.10810343424478,-1475.2242838541667,-940.2003784179688,0.09641372202340713
226.05149841308594,-1521.3505452473958,-958.9730021158854,0.09641362335092676
186.2079620361328,-1613.6030680338542,-1028.360371907552,0.09641346456254164
246.7515869140625,-1659.7293294270833,-1046.1675821940105,0.09641360601419072
202.30782063802084,-1751.9818522135417,-1116.5203857421875,0.09641396886329823
267.4516906738281,-1798.1081136067708,-1133.3622233072917,0.0964138888842475
218.4076944986979,-1890.3606363932292,-1204.680419921875,0.09641347542049777
288.15179443359375,-1936.4868977864583,-1220.5568033854167,0.09641337729626398
234.50755310058594,-2028.7394205729167,-1292.8404134114583,0.09641396078271564
390.1360626220703,-1060.0879720052083,-553.7833760579427,0.22582624727752929
476.3903096516927,-1106.2142130533855,-532.7964375813802,0.18788767730956704
469.67169189453125,-1198.4667154947917,-618.0133056640625,0.15061636377396467
520.7190958658854,-1244.5929768880208,-615.2393391927084,0.15061641738085624
524.0405680338541,-1336.8454996744792,-689.2552490234375,0.1506161075941439
578.74853515625,-1382.9717610677083,-683.5326334635416,0.1506163217950407
578.4094645182291,-1475.2242838541667,-760.4971923828125,0.150616470078207
636.7779947916666,-1521.3505452473958,-751.8259480794271,0.15061636350929522
632.7783610026041,-1613.6030680338542,-831.7391560872396,0.15061630771996964
694.8074340820312,-1659.7293294270833,-820.1192626953125,0.15061634908802696
687.1472371419271,-1751.9818522135417,-902.9811197916666,0.1506162978242287
752.8368733723959,-1798.1081136067708,-888.4125773111979,0.15061633683086295
741.5161336263021,-1890.3606363932292,-974.2230631510416,0.15061624330357407
810.8663330078125,-1936.4868977864583,-956.7058715820312,0.15061631602927386
851.9929809570312,-2028.7394205729167,-1000.2689819335938,0.15061612504715605
594.5166320800781,-1060.0879720052083,-324.7859191894531,0.3581298424872236
665.0643107096354,-1106.2142130533855,-263.2027537027995,0.31411684920998917
699.0527140299479,-1198.4667154947917,-337.4273935953776,0.2825627705618153
743.2769368489584,-1244.5929768880208,-311.78074645996094,0.28256266422373305
779.8389078776041,-1336.8454996744792,-376.2214864095052,0.2825628563511075
825.9860636393229,-1382.9717610677083,-346.2857157389323,0.28256296490994137
860.6251220703125,-1475.2242838541667,-415.0155741373698,0.282562705367006
908.6951904296875,-1521.3505452473958,-380.7906799316406,0.2825626511317129
941.4113159179688,-1613.6030680338542,-453.8096516927083,0.2825627358812866
991.404296875,-1659.7293294270833,-415.29564412434894,0.28256268357018693
1022.1975301106771,-1751.9818522135417,-492.60374959309894,0.2825632719776103
1074.1134440104167,-1798.1081136067708,-449.8006286621094,0.2825631195894736
1102.9837646484375,-1890.3606363932292,-531.3978474934896,0.282562827265141
1156.8225911458333,-1936.4868977864583,-484.3055928548177,0.28256302331886374
1204.5717366536458,-2028.7394205729167,-526.8682759602865,0.30653822687332566
676.7840576171875,-1060.0879720052083,-29.077740987141926,0.5693305342020774
712.9714152018229,-1106.2142130533855,62.57555898030599,0.5262030771699799
776.0493570963541,-1198.4667154947917,16.713274002075195,0.5036025182824981
803.8100992838541,-1244.5929768880208,59.64198239644369,0.5036026919341948
865.6425374348959,-1336.8454996744792,18.823657353719074,0.5036027659268587
893.1693929036459,-1382.9717610677083,66.44698715209961,0.5036025206917623
955.2357177734375,-1475.2242838541667,20.934040705362957,0.5036030068512923
982.5286865234375,-1521.3505452473958,73.25199445088704,0.5036029972912586
1044.8289184570312,-1613.6030680338542,23.044426600138348,0.5036030145970686
1071.8879801432292,-1659.7293294270833,80.05699920654297,0.5036027495069688
1134.4220784505208,-1751.9818522135417,25.15480677286784,0.5036027323377459
1161.2472737630208,-1798.1081136067708,86.86200332641602,0.5036032824473157
1224.0152587890625,-1890.3606363932292,27.26519266764323,0.5036024037622359
1250.6065673828125,-1936.4868977864583,93.66701380411784,0.503602373451233
1313.6704915364583,-2028.7394205729167,53.413160959879555,0.532203263247856
620.037841796875,-1060.0879720052083,272.53258005777997,0.8336033627427533
609.76806640625,-1106.2142130533855,375.46692911783856,0.7917877047707961
683.8773600260416,-1198.4667154947917,367.21068318684894,0.7806136312604004
689.1231486002604,-1244.5929768880208,418.0635477701823,0.7806136434922097
762.7473958333334,-1336.8454996744792,409.76549275716144,0.7806140653632295
765.6534627278646,-1382.9717610677083,464.6951090494792,0.7806136569190472
841.6174112955729,-1475.2242838541667,452.32030232747394,0.7806139945297619
842.1837565104166,-1521.3505452473958,511.3266906738281,0.7806141845176284
920.4874267578125,-1613.6030680338542,494.87513224283856,0.7806138489599517
918.7140706380209,-1659.7293294270833,557.9582722981771,0.7806138924210714
999.357421875,-1751.9818522135417,537.4299519856771,0.7806135008323352
995.2443644205729,-1798.1081136067708,604.58984375,0.7806137314009912
1078.2274576822917,-1890.3606363932292,579.9847615559896,0.7806144569217582
1071.7746988932292,-1936.4868977864583,651.2214152018229,0.7806138909467539
1157.0974934895833,-2028.7394205729167,622.5395914713541,0.7806141041499424
465.0158284505208,-1060.0879720052083,491.7688496907552,1.0765657868603677
438.9933369954427,-1106.2142130533855,561.38818359375,1.089262242169014
536.9316711425781,-1198.4667154947917,560.5678304036459,0.9566535245861565
526.206309000651,-1244.5929768880208,610.5528157552084,0.9566535578461031
598.7913614908854,-1336.8454996744792,625.4120483398438,0.9566534989937638
584.5810139973959,-1382.9717610677083,678.5512491861979,0.9566534323217623
660.6510416666666,-1475.2242838541667,690.2562662760416,0.9566535413052817
642.9557088216146,-1521.3505452473958,746.5496826171875,0.9566534767837919
722.5107218424479,-1613.6030680338542,755.1004842122396,0.9566535761463486
701.3304036458334,-1659.7293294270833,814.5481160481771,0.9566535140324698
784.3704020182291,-1751.9818522135417,819.9447021484375,0.9566536053349309
759.7050984700521,-1798.1081136067708,882.5465494791666,0.9566535456914872
846.2300821940104,-1890.3606363932292,884.7889200846354,0.9566536301433766
818.0798136393229,-1936.4868977864583,950.5449829101562,0.9566538161632867
873.3146362304688,-2028.7394205729167,982.8045450846354,0.9892542284293889
615.1633911132812,-1807.3334147135417,995.7825520833334,1.0308048948961663
643.5736694335938,-1742.7566324869792,927.2948201497396,1.030804608497541
606.9805297851562,-1650.5041097005208,879.8597208658854,1.030804608497541
468.3628438313802,-1373.7465413411458,756.3882242838541,1.0308045750333217
487.8388366699219,-1318.39501953125,700.8686930338541,1.0308045516350237
451.2456868489583,-1226.1424967447917,653.43359375,1.0308046797856367
-495.47596232096356,-1761.2071533203125,-1027.455078125,0.11302639608065787
-455.54505411783856,-1816.5586344401042,-1084.6285400390625,0.11302634964023081
-475.68895467122394,-1908.8111572265625,-1141.0499267578125,0.11302634964023081
-373.3492736816406,-1327.6202799479167,-774.5813598632812,0.11302619049585505
-349.1579284667969,-1392.197021484375,-831.2436116536459,0.11302636701729817
-369.3018290201823,-1484.4495442708333,-887.6649780273438,0.11302611429329332
-103.12415568033855,-1936.4868977864583,-1249.8622639973958,0.09269786920541125
-164.54866154988608,-1890.3606363932292,-1213.2108154296875,0.09269807924726046
-95.86650975545247,-1798.1081136067708,-1160.5386149088542,0.09269786998641047
-152.6176020304362,-1751.9818522135417,-1124.3905436197917,0.09269810237761418
-88.60885810852051,-1659.7293294270833,-1071.2149454752605,0.0926981157532193
-140.6865380605062,-1613.6030680338542,-1035.5702718098958,0.09269783306644735
-81.35120709737141,-1521.3505452473958,-981.8912760416666,0.09269811714047135
-128.7554791768392,-1475.2242838541667,-946.75,0.09269807013139775
-74.09356117248535,-1382.9717610677083,-892.5675862630209,0.0926981173916345
-116.8244202931722,-1336.8454996744792,-857.9297078450521,0.09269807271070013
-66.83591016133626,-1244.5929768880208,-803.2439168294271,0.09269786999868979
-104.8933614095052,-1198.4667154947917,-769.1094360351562,0.09269808816551195
-64.4997927347819,-1106.2142130533855,-713.7233683268229,0.08867084632706172
93.66701380411784,-1936.4868977864583,-1250.6065673828125,0.09163447738404651
27.26519266764323,-1890.3606363932292,-1224.0152587890625,0.09163450267743971
86.86200332641602,-1798.1081136067708,-1161.2472737630208,0.09163497119884761
25.15480677286784,-1751.9818522135417,-1134.4220784505208,0.09163449064462491
80.05699920654297,-1659.7293294270833,-1071.8879801432292,0.0916344997993711
23.044426600138348,-1613.6030680338542,-1044.8289184570312,0.09163474482738741
73.25199445088704,-1521.3505452473958,-982.5286865234375,0.09163473559980181
20.934040705362957,-1475.2242838541667,-955.2357177734375,0.09163474509171218
66.44698715209961,-1382.9717610677083,-893.1693929036459,0.09163448586799428
18.823657353719074,-1336.8454996744792,-865.6425374348959,0.09163475331324711
59.64198239644369,-1244.5929768880208,-803.8100992838541,0.09163471385980748
16.713274002075195,-1198.4667154947917,-776.0493570963541,0.09163449835935779
13.514570871988932,-1106.2142130533855,-715.9677734375,0.09706455478342181
475.5413106282552,-1936.4868977864583,-1160.4528401692708,0.10735591139274131
404.1722717285156,-1890.3606363932292,-1155.6822916666667,0.10735527906807131
441.45583089192706,-1798.1081136067708,-1077.5699666341145,0.1073553641054819
374.47934977213544,-1751.9818522135417,-1071.1262817382812,0.10735578520755217
407.3703308105469,-1659.7293294270833,-994.6870930989584,0.10735549116786978
344.78643798828125,-1613.6030680338542,-986.5702311197916,0.10735549046581616
373.28485107421875,-1521.3505452473958,-911.8042195638021,0.10735549130209586
315.0935363769531,-1475.2242838541667,-902.0142008463541,0.10735549054506124
339.1993713378906,-1382.9717610677083,-828.9213256835938,0.10735573910600885
285.40062459309894,-1336.8454996744792,-817.4581502278646,0.10735555883960321
305.11388142903644,-1244.5929768880208,-746.0384318033854,0.10735553418359423
255.70771280924478,-1198.4667154947917,-732.9021199544271,0.10735551432026838
262.0343373616536,-1106.2142130533855,-667.1724650065104,0.10023688478183232
651.2214152018229,-1936.4868977864583,-1071.7746988932292,0.12512354835309905
579.9847615559896,-1890.3606363932292,-1078.2274576822917,0.1251239583481287
604.58984375,-1798.1081136067708,-995.2443644205729,0.12512356202975813
537.4299519856771,-1751.9818522135417,-999.357421875,0.12512338977051368
557.9582722981771,-1659.7293294270833,-918.7140706380209,0.12512360367708195
494.87513224283856,-1613.6030680338542,-920.4874267578125,0.12512356993217882
511.3266906738281,-1521.3505452473958,-842.1837565104166,0.12512375323171177
452.32030232747394,-1475.2242838541667,-841.6174112955729,0.12512359823874544
464.6951090494792,-1382.9717610677083,-765.6534627278646,0.12512341381784498
409.76549275716144,-1336.8454996744792,-762.7473958333334,0.12512376974094508
418.0635477701823,-1244.5929768880208,-689.1231486002604,0.12512353929243947
367.21068318684894,-1198.4667154947917,-683.8773600260416,0.12512352759973402
332.5645802815755,-1106.2142130533855,-633.7544555664062,0.13911271425709765
950.5449829101562,-1936.4868977864583,-818.0798136393229,0.18481466606967875
884.7889200846354,-1890.3606363932292,-846.2300821940104,0.18481454097476868
882.5465494791666,-1798.1081136067708,-759.7050984700521,0.1848144888858642
819.9447021484375,-1751.9818522135417,-784.3704020182291,0.18481452937648132
814.5481160481771,-1659.7293294270833,-701.3304036458334,0.18481447306222856
755.1004842122396,-1613.6030680338542,-722.5107218424479,0.18481451573042176
746.5496826171875,-1521.3505452473958,-642.9557088216146,0.18481445444480124
690.2562662760416,-1475.2242838541667,-660.6510416666666,0.18481449944175124
678.5512491861979,-1382.9717610677083,-584.5810139973959,0.18481443222204008
625.4120483398438,-1336.8454996744792,-598.7913614908854,0.1848144796605476
610.5528157552084,-1244.5929768880208,-526.206309000651,0.18481451595995937
560.5678304036459,-1198.4667154947917,-536.9316711425781,0.18481449162533517
533.1418151855469,-1106.2142130533855,-479.21897379557294,0.1741324492591437
1066.818094889323,-1936.4868977864583,-659.3099161783854,0.2285993001203839
1006.2752482096354,-1890.3606363932292,-697.4001261393229,0.22859949188226
990.5250040690104,-1798.1081136067708,-612.2911783854166,0.2285997141375964
932.5523681640625,-1751.9818522135417,-646.4458821614584,0.22859940675144966
914.2319132486979,-1659.7293294270833,-565.2724609375,0.22859936337651288
858.8295084635416,-1613.6030680338542,-595.4916788736979,0.22859939427067122
837.9388427734375,-1521.3505452473958,-518.2537638346354,0.22859934706663754
785.1066487630209,-1475.2242838541667,-544.5374755859375,0.22859937937294406
761.6457722981771,-1382.9717610677083,-471.2350565592448,0.22859942540645056
711.3837890625,-1336.8454996744792,-493.58326212565106,0.22859939545878774
685.3527018229166,-1244.5929768880208,-424.2163391113281,0.22859944642741734
637.6609293619791,-1198.4667154947917,-442.62903849283856,0.22859947493402866
580.8132629394531,-1106.2142130533855,-417.4232584635417,0.25795408358066274
1218.3422444661458,-1936.4868977864583,-297.3760681152344,0.3468287941725261
1172.5331217447917,-1890.3606363932292,-352.310785929362,0.3468289029922661
1131.2536214192708,-1798.1081136067708,-276.2344716389974,0.3468287609393098
1086.6727701822917,-1751.9818522135417,-326.63205973307294,0.34682885564607663
1044.165018717448,-1659.7293294270833,-255.0928700764974,0.34682830207711757
1000.8124593098959,-1613.6030680338542,-300.9533335367839,0.34682839994760606
957.0764363606771,-1521.3505452473958,-233.9512736002604,0.34682860573573365
914.9521484375,-1475.2242838541667,-275.2746124267578,0.3468284818191904
869.9878336588541,-1382.9717610677083,-212.80967712402344,0.3468287346044486
829.0918172200521,-1336.8454996744792,-249.59588623046875,0.34682881696774925
782.8992106119791,-1244.5929768880208,-191.66808064778647,0.34682862690700217
743.2314860026041,-1198.4667154947917,-223.91717020670572,0.346828506838921
691.3066202799479,-1106.2142130533855,-189.70025126139322,0.33333797604580195
1249.8622639973958,-1936.4868977864583,-103.12415568033855,0.42090745930856344
1213.2108154296875,-1890.3606363932292,-164.54866154988608,0.4209076915339952
1160.5386149088542,-1798.1081136067708,-95.86650975545247,0.4209073211469912
1124.3905436197917,-1751.9818522135417,-152.6176020304362,0.42090756644531174
1071.2149454752605,-1659.7293294270833,-88.60885810852051,0.4209075901198178
1035.5702718098958,-1613.6030680338542,-140.6865380605062,0.4209073081956066
981.8912760416666,-1521.3505452473958,-81.35120709737141,0.420907811000266
946.75,-1475.2242838541667,-128.7554791768392,0.42090776734168883
892.5675862630209,-1382.9717610677083,-74.09356117248535,0.4209078509912144
857.9297078450521,-1336.8454996744792,-116.8244202931722,0.4209078131556868
803.2439168294271,-1244.5929768880208,-66.83591016133626,0.42090745435994353
769.1094360351562,-1198.4667154947917,-104.8933614095052,0.42090761736960497
705.7275187174479,-1106.2142130533855,-112.99747721354167,0.47316484198174785
1220.5568033854167,-1936.4868977864583,288.15179443359375,0.5929766185107741
1204.680419921875,-1890.3606363932292,218.4076944986979,0.5929767433844692
1133.3622233072917,-1798.1081136067708,267.4516906738281,0.5929775362904205
1116.5203857421875,-1751.9818522135417,202.30782063802084,0.5929776337659898
1046.1675821940105,-1659.7293294270833,246.7515869140625,0.5929769379248633
1028.360371907552,-1613.6030680338542,186.2079620361328,0.5929767745312495
958.9730021158854,-1521.3505452473958,226.05149841308594,0.592977079042424
940.2003784179688,-1475.2242838541667,170.10810343424478,0.592977185482412
871.7784016927084,-1382.9717610677083,205.3513946533203,0.5929770206202021
852.0403849283854,-1336.8454996744792,154.00823211669922,0.5929768608383089
784.5838216145834,-1244.5929768880208,184.6512934366862,0.5929771685465784
763.8803914388021,-1198.4667154947917,137.9083735148112,0.5929772413164182
702.9840494791666,-1106.2142130533855,139.98053741455078,0.5797516617500125
1160.4528401692708,-1936.4868977864583,475.5413106282552,0.686392444551217
1155.6822916666667,-1890.3606363932292,404.1722717285156,0.6863916029922242
1077.5699666341145,-1798.1081136067708,441.45583089192706,0.6863917644304338
1071.1262817382812,-1751.9818522135417,374.47934977213544,0.6863923038157331
994.6870930989584,-1659.7293294270833,407.3703308105469,0.6863917456005437
986.5702311197916,-1613.6030680338542,344.78643798828125,0.6863917447431828
911.8042195638021,-1521.3505452473958,373.28485107421875,0.6863917463308062
902.0142008463541,-1475.2242838541667,315.0935363769531,0.6863917454611392
828.9213256835938,-1382.9717610677083,339.1993713378906,0.6863922173379563
817.4581502278646,-1336.8454996744792,285.40062459309894,0.6863920264373143
746.0384318033854,-1244.5929768880208,305.11388142903644,0.6863919796294665
732.9021199544271,-1198.4667154947917,255.70771280924478,0.686391960863216
681.0108235677084,-1106.2142130533855,214.8701655069987,0.7659609548190714
956.7058715820312,-1936.4868977864583,810.8663330078125,0.8719871223952724
974.2230631510416,-1890.3606363932292,741.5161336263021,0.871987018397199
888.4125773111979,-1798.1081136067708,752.8368733723959,0.8719871804361731
902.9811197916666,-1751.9818522135417,687.1472371419271,0.8719871258201519
820.1192626953125,-1659.7293294270833,694.8074340820312,0.871987214636289
831.7391560872396,-1613.6030680338542,632.7783610026041,0.871987158217964
751.8259480794271,-1521.3505452473958,636.7779947916666,0.8719872548747167
760.4971923828125,-1475.2242838541667,578.4094645182291,0.8719873953881708
683.5326334635416,-1382.9717610677083,578.74853515625,0.871987138483001
689.2552490234375,-1336.8454996744792,524.0405680338541,0.8719868684725618
615.2393391927084,-1244.5929768880208,520.7190958658854,0.8719874051878798
618.0133056640625,-1198.4667154947917,469.67169189453125,0.8719873417339128
565.7281290690104,-1106.2142130533855,439.9010925292969,0.8633684130132121
679.4154052734375,-2001.0636800130208,1103.6209513346355,1.0308047107068743
781.3570760091146,-2074.865681966146,1091.110331217448,0.969594053330481
-495.9686279296875,-2074.865681966146,-1247.0187581380208,0.08701346701002378
-561.5752868652344,-2001.0636800130208,-1167.997314453125,0.11302632051316917
-248.0443878173828,-2074.865681966146,-1319.3138020833333,0.06704335375211679
9.207393646240234,-2074.865681966146,-1341.9969482421875,0.07002535255182885
-128.84837214152017,-2028.7394205729167,-1308.427001953125,0.10849643582046888
331.73216247558594,-2074.865681966146,-1300.3824055989583,0.07573120783865923
574.8010559082031,-2074.865681966146,-1213.1441243489583,0.08430441718779612
456.7454427083333,-2028.7394205729167,-1232.8693440755208,0.12410580431496943
796.2549438476562,-2074.865681966146,-1080.2863362630208,0.1193996530291078
664.8335774739584,-2028.7394205729167,-1134.2748616536458,0.14291269283917285
1032.7225138346355,-2074.865681966146,-857.044189453125,0.1618026739685648
949.6331176757812,-2028.7394205729167,-908.0897827148438,0.1848142638546786
1178.092041015625,-2074.865681966146,-643.5946248372396,0.21062122464788327
1094.177225748698,-2028.7394205729167,-728.9440104166666,0.25088016345965186
1279.1601969401042,-2074.865681966146,-405.943115234375,0.2985895482737118
1339.2480061848958,-2074.865681966146,-86.34422429402669,0.393899314448853
1302.0310872395833,-2028.7394205729167,-176.47971979777017,0.4209078183935653
1331.3919270833333,-2074.865681966146,171.78614552815756,0.49039576911197513
1273.4697265625,-2074.865681966146,423.4566141764323,0.6249891489435061
1284.2043863932292,-2028.7394205729167,281.7840983072917,0.6227890871700577
1134.2262776692708,-2074.865681966146,717.3362833658854,0.7485877546732164
976.1453247070312,-2074.865681966146,921.5504557291666,0.8504663960602212
1031.3862915039062,-2028.7394205729167,815.3683064778646,0.9041737424577387
703.1445515950521,-1908.8111572265625,1016.7903442382812,1.0308047762625634
532.6148274739584,-1567.4768473307292,864.2266031901041,1.0308043819353443
547.4096883138021,-1484.4495442708333,790.3641967773438,1.0308045290133934
385.81427001953125,-1133.8899943033855,624.8322957356771,1.0308046286531172
-412.4234313964844,-1650.5041097005208,-986.1467488606771,0.1130261134071579
-439.44858805338544,-1567.4768473307292,-915.1235555013021,0.11302611899235428
-306.03632100423175,-1226.1424967447917,-732.7618408203125,0.11302607738727967
-317.3219045003255,-1133.8899943033855,-662.2498575846354,0.11302627416957424
101.33343124389648,-2028.7394205729167,-1310.0235188802083,0.09163496942283617
1277.2201741536458,-2028.7394205729167,-308.4457143147786,0.3468288212437845
1214.5926920572917,-2028.7394205729167,501.19334920247394,0.6863916833573706
200.3440055847168,-1060.0879720052083,646.7723999023438,1.2570034167852628
141.20256678263345,-1106.2142130533855,699.3024698893229,1.2422734513482243
223.91717020670572,-1198.4667154947917,743.2314860026041,1.1341400810309374
191.66808064778647,-1244.5929768880208,782.8992106119791,1.1341403474402296
249.59588623046875,-1336.8454996744792,829.0918172200521,1.1341405975582135
212.80967712402344,-1382.9717610677083,869.9878336588541,1.1341404290572483
275.2746124267578,-1475.2242838541667,914.9521484375,1.134140096394388
233.9512736002604,-1521.3505452473958,957.0764363606771,1.13414033536352
300.9533335367839,-1613.6030680338542,1000.8124593098959,1.1341400645483828
255.0928700764974,-1659.7293294270833,1044.165018717448,1.1341398841119186
326.63205973307294,-1751.9818522135417,1086.6727701822917,1.1341406126031284
276.2344716389974,-1798.1081136067708,1131.2536214192708,1.134140444079401
352.310785929362,-1890.3606363932292,1172.5331217447917,1.134140631019607
297.3760681152344,-1936.4868977864583,1218.3422444661458,1.134140442853275
355.1475779215495,-2028.7394205729167,1265.8804931640625,1.1672707708627967
-105.67961502075195,-1060.0879720052083,668.9938151041666,1.2830869927773412
-187.14470926920572,-1106.2142130533855,689.1456909179688,1.229766284572272
-137.9083735148112,-1198.4667154947917,763.8803914388021,1.1452663995404664
-184.6512934366862,-1244.5929768880208,784.5838216145834,1.1452661692498693
-154.00823211669922,-1336.8454996744792,852.0403849283854,1.1452658234997506
-205.3513946533203,-1382.9717610677083,871.7784016927084,1.1452662584843727
-170.10810343424478,-1475.2242838541667,940.2003784179688,1.1452664437284108
-226.05149841308594,-1521.3505452473958,958.9730021158854,1.1452661842673926
-186.2079620361328,-1613.6030680338542,1028.360371907552,1.1452658421096105
-246.7515869140625,-1659.7293294270833,1046.1675821940105,1.1452662079448446
-202.30782063802084,-1751.9818522135417,1116.5203857421875,1.1452669898123378
-267.4516906738281,-1798.1081136067708,1133.3622233072917,1.145266785843819
-218.4076944986979,-1890.3606363932292,1204.680419921875,1.1452658949113357
-288.15179443359375,-1936.4868977864583,1220.5568033854167,1.1452656476561938
-234.50755310058594,-2028.7394205729167,1292.8404134114583,1.1452669049540214
-390.1360626220703,-1060.0879720052083,553.7833760579427,1.1479247751822654
-476.3903096516927,-1106.2142130533855,532.7964375813802,1.0473637061387686
-469.67169189453125,-1198.4667154947917,618.0133056640625,0.9852216078438939
-520.7190958658854,-1244.5929768880208,615.2393391927084,0.9852218037944213
-524.0405680338541,-1336.8454996744792,689.2552490234375,0.9852212571859204
-578.74853515625,-1382.9717610677083,683.5326334635416,0.9852219834423187
-578.4094645182291,-1475.2242838541667,760.4971923828125,0.9852222450829855
-636.7779947916666,-1521.3505452473958,751.8259480794271,0.9852219050428711
-632.7783610026041,-1613.6030680338542,831.7391560872396,0.9852218066044591
-694.8074340820312,-1659.7293294270833,820.1192626953125,0.9852219321467879
-687.1472371419271,-1751.9818522135417,902.9811197916666,0.9852218416935156
-752.8368733723959,-1798.1081136067708,888.4125773111979,0.9852219551833948
-741.5161336263021,-1890.3606363932292,974.2230631510416,0.9852217901575768
-810.8663330078125,-1936.4868977864583,956.7058715820312,0.985221994278729
-851.9929809570312,-2028.7394205729167,1000.2689819335938,0.9852216572970032
-594.5166320800781,-1060.0879720052083,324.7859191894531,0.9023291794663605
-665.0643107096354,-1106.2142130533855,263.2027537027995,0.7617751019882198
-699.0527140299479,-1198.4667154947917,337.4273935953776,0.7209883399112406
-743.2769368489584,-1244.5929768880208,311.78074645996094,0.720987916328106
-779.8389078776041,-1336.8454996744792,376.2214864095052,0.7209881692610649
-825.9860636393229,-1382.9717610677083,346.2857157389323,0.7209885500762637
-860.6251220703125,-1475.2242838541667,415.0155741373698,0.7209882083916929
-908.6951904296875,-1521.3505452473958,380.7906799316406,0.7209880361217873
-941.4113159179688,-1613.6030680338542,453.8096516927083,0.7209881476934088
-991.404296875,-1659.7293294270833,415.29564412434894,0.7209879943213773
-1022.1975301106771,-1751.9818522135417,492.60374959309894,0.7209887689511957
-1074.1134440104167,-1798.1081136067708,449.8006286621094,0.720988350755475
-1102.9837646484375,-1890.3606363932292,531.3978474934896,0.720987965914754
-1156.8225911458333,-1936.4868977864583,484.3055928548177,0.7209884748102597
-1204.5717366536458,-2028.7394205729167,526.8682759602865,0.7521120468797238
-676.7840576171875,-1060.0879720052083,29.077740987141926,0.6273974489040992
-712.9714152018229,-1106.2142130533855,-62.57555898030599,0.4721827133088074
-776.0493570963541,-1198.4667154947917,-16.713274002075195,0.45027667947372046
-803.8100992838541,-1244.5929768880208,-59.64198239644369,0.4502773069759519
-865.6425374348959,-1336.8454996744792,-18.823657353719074,0.4502773786016914
-893.1693929036459,-1382.9717610677083,-66.44698715209961,0.45027663031401854
-955.2357177734375,-1475.2242838541667,-20.934040705362957,0.4502771009218051
-982.5286865234375,-1521.3505452473958,-73.25199445088704,0.4502770752421145
-1044.8289184570312,-1613.6030680338542,-23.044426600138348,0.4502770919943296
-1071.8879801432292,-1659.7293294270833,-80.05699920654297,0.45027644784920984
-1134.4220784505208,-1751.9818522135417,-25.15480677286784,0.4502764312292171
-1161.2472737630208,-1798.1081136067708,-86.86200332641602,0.4502776635750557
-1224.0152587890625,-1890.3606363932292,-27.26519266764323,0.45027681299802874
-1250.6065673828125,-1936.4868977864583,-93.66701380411784,0.45027674952547403
-1313.6704915364583,-2028.7394205729167,-53.413160959879555,0.4780081422329863
-620.037841796875,-1060.0879720052083,-272.53258005777997,0.3948975452890603
-609.76806640625,-1106.2142130533855,-375.46692911783856,0.25516924127218954
-683.8773600260416,-1198.4667154947917,-367.21068318684894,0.24716123595192283
-689.1231486002604,-1244.5929768880208,-418.0635477701823,0.24716126485048276
-762.7473958333334,-1336.8454996744792,-409.76549275716144,0.24716156532018485
-765.6534627278646,-1382.9717610677083,-464.6951090494792,0.24716073939970332
-841.6174112955729,-1475.2242838541667,-452.32030232747394,0.2471609798563581
-842.1837565104166,-1521.3505452473958,-511.3266906738281,0.2471613214739274
-920.4874267578125,-1613.6030680338542,-494.87513224283856,0.24716108247937305
-918.7140706380209,-1659.7293294270833,-557.9582722981771,0.2471611537347635
-999.357421875,-1751.9818522135417,-537.4299519856771,0.24716087483323604
-995.2443644205729,-1798.1081136067708,-604.58984375,0.24716122561017465
-1078.2274576822917,-1890.3606363932292,-579.9847615559896,0.2471617423487476
-1071.7746988932292,-1936.4868977864583,-651.2214152018229,0.24716093305948142
-1157.0974934895833,-2028.7394205729167,-622.5395914713541,0.24716108490933544
-465.0158284505208,-1060.0879720052083,-491.7688496907552,0.2330670866019794
-438.9933369954427,-1106.2142130533855,-561.38818359375,0.2489591426141209
-536.9316711425781,-1198.4667154947917,-560.5678304036459,0.16207873328434358
-526.206309000651,-1244.5929768880208,-610.5528157552084,0.16207878182315227
-598.7913614908854,-1336.8454996744792,-625.4120483398438,0.16207874734305122
-584.5810139973959,-1382.9717610677083,-678.5512491861979,0.16207866024931927
-660.6510416666666,-1475.2242838541667,-690.2562662760416,0.1620787241000008
-642.9557088216146,-1521.3505452473958,-746.5496826171875,0.16207864674669878
-722.5107218424479,-1613.6030680338542,-755.1004842122396,0.16207870496069945
-701.3304036458334,-1659.7293294270833,-814.5481160481771,0.16207863543468998
-784.3704020182291,-1751.9818522135417,-819.9447021484375,0.1620786889264831
-759.7050984700521,-1798.1081136067708,-882.5465494791666,0.16207862582019755
-846.2300821940104,-1890.3606363932292,-884.7889200846354,0.16207867529841324
-818.0798136393229,-1936.4868977864583,-950.5449829101562,0.16207886306924077
-873.3146362304688,-2028.7394205729167,-982.8045450846354,0.18172386146736386
-615.1633911132812,-1807.3334147135417,-995.7825520833334,0.13351090762535245
-643.5736694335938,-1742.7566324869792,-927.2948201497396,0.1335106299354005
-606.9805297851562,-1650.5041097005208,-879.8597208658854,0.1335106299354005
-468.3628438313802,-1373.7465413411458,-756.3882242838541,0.1335106927500034
-487.8388366699219,-1318.39501953125,-700.8686930338541,0.13351065903353815
-451.2456868489583,-1226.1424967447917,-653.43359375,0.1335107483114204
495.47596232096356,-1761.2071533203125,1027.455078125,1.090944895757242
455.54505411783856,-1816.5586344401042,1084.6285400390625,1.0909448393485586
475.68895467122394,-1908.8111572265625,1141.0499267578125,1.0909448393485586
373.3492736816406,-1327.6202799479167,774.5813598632812,1.0909445485991651
349.1579284667969,-1392.197021484375,831.2436116536459,1.0909447485373476
369.3018290201823,-1484.4495442708333,887.6649780273438,1.0909442822339792
103.12415568033855,-1936.4868977864583,1249.8622639973958,1.1582342734758346
164.54866154988608,-1890.3606363932292,1213.2108154296875,1.1582346969917874
95.86650975545247,-1798.1081136067708,1160.5386149088542,1.158234238104172
152.6176020304362,-1751.9818522135417,1124.3905436197917,1.1582347035913647
88.60885810852051,-1659.7293294270833,1071.2149454752605,1.1582347329226745
140.6865380605062,-1613.6030680338542,1035.5702718098958,1.1582341710668975
81.35120709737141,-1521.3505452473958,981.8912760416666,1.1582347940121402
128.7554791768392,-1475.2242838541667,946.75,1.1582347014357235
74.09356117248535,-1382.9717610677083,892.5675862630209,1.1582348050725115
116.8244202931722,-1336.8454996744792,857.9297078450521,1.158234718053848
66.83591016133626,-1244.5929768880208,803.2439168294271,1.158234273527161
104.8933614095052,-1198.4667154947917,769.1094360351562,1.1582346926441396
64.4997927347819,-1106.2142130533855,713.7233683268229,1.1492979905022545
-93.66701380411784,-1936.4868977864583,1250.6065673828125,1.1620069001552105
-27.26519266764323,-1890.3606363932292,1224.0152587890625,1.1620069580924017
-86.86200332641602,-1798.1081136067708,1161.2472737630208,1.162007990809822
-25.15480677286784,-1751.9818522135417,1134.4220784505208,1.1620068867618467
-80.05699920654297,-1659.7293294270833,1071.8879801432292,1.1620069069408165
-23.044426600138348,-1613.6030680338542,1044.8289184570312,1.1620074718457494
-73.25199445088704,-1521.3505452473958,982.5286865234375,1.162007451506256
-20.934040705362957,-1475.2242838541667,955.2357177734375,1.1620074734800356
-66.44698715209961,-1382.9717610677083,893.1693929036459,1.1620069020973056
-18.823657353719074,-1336.8454996744792,865.6425374348959,1.1620075243126278
-59.64198239644369,-1244.5929768880208,803.8100992838541,1.1620074373491418
-16.713274002075195,-1198.4667154947917,776.0493570963541,1.1620069329277045
-13.514570871988932,-1106.2142130533855,715.9677734375,1.173790081098679
-475.5413106282552,-1936.4868977864583,1160.4528401692708,1.1088627290103161
-404.1722717285156,-1890.3606363932292,1155.6822916666667,1.1088610314522946
-441.45583089192706,-1798.1081136067708,1077.5699666341145,1.1088612061095704
-374.47934977213544,-1751.9818522135417,1071.1262817382812,1.10886236001675
-407.3703308105469,-1659.7293294270833,994.6870930989584,1.1088617560932836
-344.78643798828125,-1613.6030680338542,986.5702311197916,1.1088617541229524
-373.28485107421875,-1521.3505452473958,911.8042195638021,1.108861755840575
-315.0935363769531,-1475.2242838541667,902.0142008463541,1.1088617536549936
-339.1993713378906,-1382.9717610677083,828.9213256835938,1.1088622641704626
-285.40062459309894,-1336.8454996744792,817.4581502278646,1.108861725747718
-305.11388142903644,-1244.5929768880208,746.0384318033854,1.1088616751071063
-255.70771280924478,-1198.4667154947917,732.9021199544271,1.1088616132573899
-262.0343373616536,-1106.2142130533855,667.1724650065104,1.0939763656356047
-651.2214152018229,-1936.4868977864583,1071.7746988932292,1.05462285411259
-579.9847615559896,-1890.3606363932292,1078.2274576822917,1.0546239933761212
-604.58984375,-1798.1081136067708,995.2443644205729,1.0546232332709498
-537.4299519856771,-1751.9818522135417,999.357421875,1.05462274079355
-557.9582722981771,-1659.7293294270833,918.7140706380209,1.054623151048739
-494.87513224283856,-1613.6030680338542,920.4874267578125,1.0546230513118102
-511.3266906738281,-1521.3505452473958,842.1837565104166,1.054623402864988
-452.32030232747394,-1475.2242838541667,841.6174112955729,1.0546229263482012
-464.6951090494792,-1382.9717610677083,765.6534627278646,1.0546225726441005
-409.76549275716144,-1336.8454996744792,762.7473958333334,1.0546237201410147
-418.0635477701823,-1244.5929768880208,689.1231486002604,1.054623278160051
-367.21068318684894,-1198.4667154947917,683.8773600260416,1.0546232381945
-332.5645802815755,-1106.2142130533855,633.7544555664062,1.080718268812312
-950.5449829101562,-1936.4868977864583,818.0798136393229,0.9039754654760119
-884.7889200846354,-1890.3606363932292,846.2300821940104,0.903975117863761
-882.5465494791666,-1798.1081136067708,759.7050984700521,0.9039750341205899
-819.9447021484375,-1751.9818522135417,784.3704020182291,0.9039751515837277
-814.5481160481771,-1659.7293294270833,701.3304036458334,0.9039750610474742
-755.1004842122396,-1613.6030680338542,722.5107218424479,0.9039751912572254
-746.5496826171875,-1521.3505452473958,642.9557088216146,0.9039750927285145
-690.2562662760416,-1475.2242838541667,660.6510416666666,0.9039752386136355
-678.5512491861979,-1382.9717610677083,584.5810139973959,0.9039751305446999
-625.4120483398438,-1336.8454996744792,598.7913614908854,0.9039752961239528
-610.5528157552084,-1244.5929768880208,526.206309000651,0.9039753544824077
-560.5678304036459,-1198.4667154947917,536.9316711425781,0.9039752613384707
-533.1418151855469,-1106.2142130533855,479.21897379557294,0.8865677598740771
-1066.818094889323,-1936.4868977864583,659.3099161783854,0.8146071219479252
-1006.2752482096354,-1890.3606363932292,697.4001261393229,0.8146076407817309
-990.5250040690104,-1798.1081136067708,612.2911783854166,0.8146079645605699
-932.5523681640625,-1751.9818522135417,646.4458821614584,0.8146070905606734
-914.2319132486979,-1659.7293294270833,565.2724609375,0.814607027372577
-858.8295084635416,-1613.6030680338542,595.4916788736979,0.8146071205240432
-837.9388427734375,-1521.3505452473958,518.2537638346354,0.8146070517577609
-785.1066487630209,-1475.2242838541667,544.5374755859375,0.8146071562899261
-761.6457722981771,-1382.9717610677083,471.2350565592448,0.8146072233509939
-711.3837890625,-1336.8454996744792,493.58326212565106,0.8146071176716592
-685.3527018229166,-1244.5929768880208,424.2163391113281,0.8146071919221534
-637.6609293619791,-1198.4667154947917,442.62903849283856,0.8146073041703825
-580.8132629394531,-1106.2142130533855,417.4232584635417,0.8563023036175117
-1218.3422444661458,-1936.4868977864583,297.3760681152344,0.6268759781048757
-1172.5331217447917,-1890.3606363932292,352.310785929362,0.6268762452266395
-1131.2536214192708,-1798.1081136067708,276.2344716389974,0.6268760764031323
-1086.6727701822917,-1751.9818522135417,326.63205973307294,0.6268763234727583
-1044.165018717448,-1659.7293294270833,255.0928700764974,0.6268756655809702
-1000.8124593098959,-1613.6030680338542,300.9533335367839,0.6268759401602279
-957.0764363606771,-1521.3505452473958,233.9512736002604,0.6268761847301787
-914.9521484375,-1475.2242838541667,275.2746124267578,0.6268758048560442
-869.9878336588541,-1382.9717610677083,212.80967712402344,0.626876105279931
-829.0918172200521,-1336.8454996744792,249.59588623046875,0.6268763873940258
-782.8992106119791,-1244.5929768880208,191.66808064778647,0.6268761615153987
-743.2314860026041,-1198.4667154947917,223.91717020670572,0.6268756865954347
-691.3066202799479,-1106.2142130533855,189.70025126139322,0.6107663291088508
-1249.8622639973958,-1936.4868977864583,103.12415568033855,0.5356810746249775
-1213.2108154296875,-1890.3606363932292,164.54866154988608,0.5356816055870992
-1160.5386149088542,-1798.1081136067708,95.86650975545247,0.5356812083116331
-1124.3905436197917,-1751.9818522135417,152.6176020304362,0.5356818067951294
-1071.2149454752605,-1659.7293294270833,88.60885810852051,0.5356818321883036
-1035.5702718098958,-1613.6030680338542,140.6865380605062,0.535681088580025
-981.8912760416666,-1521.3505452473958,81.35120709737141,0.5356816278860493
-946.75,-1475.2242838541667,128.7554791768392,0.535681501174514
-892.5675862630209,-1382.9717610677083,74.09356117248535,0.5356815908966109
-857.9297078450521,-1336.8454996744792,116.8244202931722,0.5356814669922184
-803.2439168294271,-1244.5929768880208,66.83591016133626,0.5356810821495492
-769.1094360351562,-1198.4667154947917,104.8933614095052,0.5356817077362814
-705.7275187174479,-1106.2142130533855,112.99747721354167,0.5913591523481541
-1220.5568033854167,-1936.4868977864583,-288.15179443359375,0.3728642766732289
-1204.680419921875,-1890.3606363932292,-218.4076944986979,0.37286451169984325
-1133.3622233072917,-1798.1081136067708,-267.4516906738281,0.37286520440417764
-1116.5203857421875,-1751.9818522135417,-202.30782063802084,0.3728654007741502
-1046.1675821940105,-1659.7293294270833,-246.7515869140625,0.37286479286819746
-1028.360371907552,-1613.6030680338542,-186.2079620361328,0.3728644355205801
-958.9730021158854,-1521.3505452473958,-226.05149841308594,0.37286470154982176
-940.2003784179688,-1475.2242838541667,-170.10810343424478,0.3728649592363888
-871.7784016927084,-1382.9717610677083,-205.3513946533203,0.37286481520824555
-852.0403849283854,-1336.8454996744792,-154.00823211669922,0.37286437480861917
-784.5838216145834,-1244.5929768880208,-184.6512934366862,0.37286464363090616
-763.8803914388021,-1198.4667154947917,-137.9083735148112,0.37286488210282354
-702.9840494791666,-1106.2142130533855,-139.98053741455078,0.3613463076158117
-1160.4528401692708,-1936.4868977864583,-475.5413106282552,0.30491333688945743
-1155.6822916666667,-1890.3606363932292,-404.1722717285156,0.3049119419668117
-1077.5699666341145,-1798.1081136067708,-441.45583089192706,0.304912069268267
-1071.1262817382812,-1751.9818522135417,-374.47934977213544,0.30491302453686
-994.6870930989584,-1659.7293294270833,-407.3703308105469,0.3049125843580826
-986.5702311197916,-1613.6030680338542,-344.78643798828125,0.30491258271313965
-911.8042195638021,-1521.3505452473958,-373.28485107421875,0.30491258396505466
-902.0142008463541,-1475.2242838541667,-315.0935363769531,0.30491258212278166
-828.9213256835938,-1382.9717610677083,-339.1993713378906,0.30491295421970166
-817.4581502278646,-1336.8454996744792,-285.40062459309894,0.3049124953137577
-746.0384318033854,-1244.5929768880208,-305.11388142903644,0.30491245840359643
-732.9021199544271,-1198.4667154947917,-255.70771280924478,0.3049124050028592
-681.0108235677084,-1106.2142130533855,-214.8701655069987,0.36960977504747594
-956.7058715820312,-1936.4868977864583,-810.8663330078125,0.19969652137034408
-974.2230631510416,-1890.3606363932292,-741.5161336263021,0.19969639550011997
-888.4125773111979,-1798.1081136067708,-752.8368733723959,0.1996964999456706
-902.9811197916666,-1751.9818522135417,-687.1472371419271,0.19969643007309093
-820.1192626953125,-1659.7293294270833,-694.8074340820312,0.19969648732135858
-831.7391560872396,-1613.6030680338542,-632.7783610026041,0.1996964101660236
-751.8259480794271,-1521.3505452473958,-636.7779947916666,0.19969647246811859
-760.4971923828125,-1475.2242838541667,-578.4094645182291,0.1996966810254337
-683.5326334635416,-1382.9717610677083,-578.74853515625,0.1996965154318715
-689.2552490234375,-1336.8454996744792,-524.0405680338541,0.19969607103216389
-615.2393391927084,-1244.5929768880208,-520.7190958658854,0.1996964169828921
-618.0133056640625,-1198.4667154947917,-469.67169189453125,0.19969629740328235
-565.7281290690104,-1106.2142130533855,-439.9010925292969,0.19417503968790695
-679.4154052734375,-2001.0636800130208,-1103.6209513346355,0.13351080842201293
-781.3570760091146,-2074.865681966146,-1091.110331217448,0.11194531883855971
495.9686279296875,-2074.865681966146,1247.0187581380208,1.0491517109448858
561.5752868652344,-2001.0636800130208,1167.997314453125,1.0909447691553695
248.0443878173828,-2074.865681966146,1319.3138020833333,1.0814809200645323
-9.207393646240234,-2074.865681966146,1341.9969482421875,1.1122646853927922
128.84837214152017,-2028.7394205729167,1308.427001953125,1.1914067628887584
-331.73216247558594,-2074.865681966146,1300.3824055989583,1.0900801641538793
-574.8010559082031,-2074.865681966146,1213.1441243489583,1.017106177376129
-456.7454427083333,-2028.7394205729167,1232.8693440755208,1.1419416947615912
-796.2549438476562,-2074.865681966146,1080.2863362630208,0.9481290077706843
-664.8335774739584,-2028.7394205729167,1134.2748616536458,1.0875674059211349
-1032.7225138346355,-2074.865681966146,857.044189453125,0.8409149889592186
-949.6331176757812,-2028.7394205729167,908.0897827148438,0.9039748188361159
-1178.092041015625,-2074.865681966146,643.5946248372396,0.7054894361024686
-1094.177225748698,-2028.7394205729167,728.9440104166666,0.8464426904147292
-1279.1601969401042,-2074.865681966146,405.943115234375,0.5972627989920153
-1339.2480061848958,-2074.865681966146,86.34422429402669,0.4783777753697964
-1302.0310872395833,-2028.7394205729167,176.47971979777017,0.535681459777901
-1331.3919270833333,-2074.865681966146,-171.78614552815756,0.3583072085846725
-1273.4697265625,-2074.865681966146,-423.4566141764323,0.2795233944917268
-1284.2043863932292,-2028.7394205729167,-281.7840983072917,0.39908771451218594
-1134.2262776692708,-2074.865681966146,-717.3362833658854,0.20616376955589857
-976.1453247070312,-2074.865681966146,-921.5504557291666,0.14187449580376385
-1031.3862915039062,-2028.7394205729167,-815.3683064778646,0.2209214754415098
-703.1445515950521,-1908.8111572265625,-1016.7903442382812,0.133510853797673
-532.6148274739584,-1567.4768473307292,-864.2266031901041,0.13351054704520482
-547.4096883138021,-1484.4495442708333,-790.3641967773438,0.13351067060965296
-385.81427001953125,-1133.8899943033855,-624.8322957356771,0.1335107297413325
412.4234313964844,-1650.5041097005208,986.1467488606771,1.0909442868648511
439.44858805338544,-1567.4768473307292,915.1235555013021,1.0909442950970174
306.03632100423175,-1226.1424967447917,732.7618408203125,1.0909442748104072
317.3219045003255,-1133.8899943033855,662.2498575846354,1.0909445630255121
-101.33343124389648,-2028.7394205729167,1310.0235188802083,1.162007984709857
-1277.2201741536458,-2028.7394205729167,308.4457143147786,0.6268760102778399
-1214.5926920572917,-2028.7394205729167,-501.19334920247394,0.3049127366523433
966.73046875,-2160.03857421875,979.4534912109375,0.24045094283068577
1036.9900716145833,-2199.085205078125,912.9905802408854,0.24045129982202618
1149.2449137369792,-2160.03857421875,757.0555216471354,0.17161611878540384
1204.1507568359375,-2199.085205078125,677.4372151692709,0.1716160023041275
1281.5318603515625,-2160.03857421875,501.5705973307292,0.10742736084541514
1318.684326171875,-2199.085205078125,412.27655029296875,0.10742787672788887
1357.8097330729167,-2160.03857421875,224.16461435953775,0.05504941526405307
1375.5850423177083,-2199.085205078125,129.09743372599283,0.05504941136050607
1374.7447509765625,-2160.03857421875,-63.03842035929362,0.01930142756868373
1372.3660481770833,-2199.085205078125,-159.72385787963867,0.019301522839691786
1331.5968424479167,-2160.03857421875,-347.48638916015625,0.0020119799193869187
1309.1680908203125,-2199.085205078125,-441.56446329752606,0.0020119142499102397
1230.2517496744792,-2160.03857421875,-616.7475382486979,0.0
1188.753173828125,-2199.085205078125,-704.1065673828125,0.0
1075.1387532552083,-2160.03857421875,-859.0538330078125,0.0
1016.3840942382812,-2199.085205078125,-935.8758138020834,0.0
873.0370890299479,-2160.03857421875,-1063.8153483072917,0.0
799.5941569010416,-2199.085205078125,-1126.7428385416667,0.0
632.7794901529948,-2160.03857421875,-1222.0830891927083,0.0
547.8581034342448,-2199.085205078125,-1268.3658040364583,0.0
364.86638895670575,-2160.03857421875,-1326.9399007161458,0.0
272.1780141194661,-2199.085205078125,-1354.5550537109375,0.0
81.00686136881511,-2160.03857421875,-1373.8030598958333,0.0
-15.397560119628906,-2199.085205078125,-1381.5437418619792,0.0
-206.3930435180664,-2160.03857421875,-1360.6244303385417,0.0
-302.30017852783203,-2199.085205078125,-1348.1523844401042,0.0
-484.77257283528644,-2160.03857421875,-1287.9800211588542,0.0
732.7631632486979,-2279.671142578125,1139.81787109375,0.0
803.2078653971354,-2296.7626953125,1065.351318359375,0.0
-462.4871317545573,-2296.7626953125,-1251.4879150390625,0.0
-563.2100219726562,-2279.671142578125,-1232.4451904296875,0.0
-576.9660441080729,-2185.7168782552085,-1257.6254069010417,0.0
962.4404500325521,-2267.447265625,962.6387329101562,0.0
1145.4125162760417,-2267.447265625,736.2004597981771,0.0
1015.9570515950521,-2296.7626953125,865.4669189453125,0.0
1276.0309651692708,-2267.447265625,475.9423319498698,0.0
1180.1402587890625,-2296.7626953125,623.9996236165365,0.0
1348.2787679036458,-2267.447265625,193.79050572713217,0.0
1287.85009765625,-2296.7626953125,352.5234680175781,0.0
1358.8203938802083,-2267.447265625,-97.31723912556966,0.0
1333.892822265625,-2296.7626953125,64.06127039591472,0.0
1307.1566162109375,-2267.447265625,-384.02732340494794,0.0
1316.0397135416667,-2296.7626953125,-227.54263051350912,0.0
1195.648193359375,-2267.447265625,-653.1855875651041,0.0
1235.1352945963542,-2296.7626953125,-508.28941853841144,0.0
1029.4075724283855,-2267.447265625,-892.4435017903646,0.0
1095.0572509765625,-2296.7626953125,-764.7005411783854,0.0
816.0634155273438,-2267.447265625,-1090.8272298177083,0.0
902.5298258463541,-2296.7626953125,-984.4674275716146,0.0
565.4090270996094,-2267.447265625,-1239.242919921875,0.0
666.7996724446615,-2296.7626953125,-1157.0445963541667,0.0
288.95081583658856,-2267.447265625,-1330.895751953125,0.0
399.1901143391927,-2296.7626953125,-1274.15771484375,0.0
-0.6222890218098959,-2267.447265625,-1361.6021728515625,0.0
112.55493418375652,-2296.7626953125,-1330.2021891276042,0.0
-290.0237503051758,-2267.447265625,-1329.9816487630208,0.0
-179.34134419759116,-2296.7626953125,-1322.5121256510417,0.0
-576.8281453450521,-2236.9873860677085,-1257.3729654947917,0.0
742.9404500325521,-2146.6702473958335,1160.8297932942708,0.5194117630186437
825.483154296875,-2185.7168782552085,1110.4270426432292,0.2943605754218048
746.3812866210938,-2236.9873860677085,1164.7456461588542,0.0
-966.73046875,-2160.03857421875,-979.4534912109375,0.0
-1036.9900716145833,-2199.085205078125,-912.9905802408854,0.0
-1149.2449137369792,-2160.03857421875,-757.0555216471354,0.0
-1204.1507568359375,-2199.085205078125,-677.4372151692709,0.0
-1281.5318603515625,-2160.03857421875,-501.5705973307292,0.0005906250136957514
-1318.684326171875,-2199.085205078125,-412.27655029296875,0.0005906547829536837
-1357.8097330729167,-2160.03857421875,-224.16461435953775,0.013791968729287772
-1375.5850423177083,-2199.085205078125,-129.09743372599283,0.013791967262250347
-1374.7447509765625,-2160.03857421875,63.03842035929362,0.045426845247156206
-1372.3660481770833,-2199.085205078125,159.72385787963867,0.04542695246251258
-1331.5968424479167,-2160.03857421875,347.48638916015625,0.09437850500004882
-1309.1680908203125,-2199.085205078125,441.56446329752606,0.09437817820815034
-1230.2517496744792,-2160.03857421875,616.7475382486979,0.1564615423255445
-1188.753173828125,-2199.085205078125,704.1065673828125,0.1564616861088195
-1075.1387532552083,-2160.03857421875,859.0538330078125,0.2249605159289961
-1016.3840942382812,-2199.085205078125,935.8758138020834,0.22496075528794046
-873.0370890299479,-2160.03857421875,1063.8153483072917,0.2916132210786265
-799.5941569010416,-2199.085205078125,1126.7428385416667,0.29161374660299005
-632.7794901529948,-2160.03857421875,1222.0830891927083,0.347884377498817
-547.8581034342448,-2199.085205078125,1268.3658040364583,0.34788333645641806
-364.86638895670575,-2160.03857421875,1326.9399007161458,0.3863074364298688
-272.1780141194661,-2199.085205078125,1354.5550537109375,0.38630688612166253
-81.00686136881511,-2160.03857421875,1373.8030598958333,0.4016837474206813
15.397560119628906,-2199.085205078125,1381.5437418619792,0.40168368775465496
206.3930435180664,-2160.03857421875,1360.6244303385417,0.3919117887785677
302.30017852783203,-2199.085205078125,1348.1523844401042,0.3919124218414321
484.77257283528644,-2160.03857421875,1287.9800211588542,0.35832843257909713
-732.7631632486979,-2279.671142578125,-1139.81787109375,0.0
-803.2078653971354,-2296.7626953125,-1065.351318359375,0.0
462.4871317545573,-2296.7626953125,1251.4879150390625,0.0
563.2100219726562,-2279.671142578125,1232.4451904296875,0.0
576.9660441080729,-2185.7168782552085,1257.6254069010417,0.5965340748253282
-962.4404500325521,-2267.447265625,-962.6387329101562,0.0
-1145.4125162760417,-2267.447265625,-736.2004597981771,0.0
-1015.9570515950521,-2296.7626953125,-865.4669189453125,0.0
-1276.0309651692708,-2267.447265625,-475.9423319498698,0.0
-1180.1402587890625,-2296.7626953125,-623.9996236165365,0.0
-1348.2787679036458,-2267.447265625,-193.79050572713217,0.0
-1287.85009765625,-2296.7626953125,-352.5234680175781,0.0
-1358.8203938802083,-2267.447265625,97.31723912556966,0.0
-1333.892822265625,-2296.7626953125,-64.06127039591472,0.0
-1307.1566162109375,-2267.447265625,384.02732340494794,0.0
-1316.0397135416667,-2296.7626953125,227.54263051350912,0.0
-1195.648193359375,-2267.447265625,653.1855875651041,0.0
-1235.1352945963542,-2296.7626953125,508.28941853841144,0.0
-1029.4075724283855,-2267.447265625,892.4435017903646,0.0
-1095.0572509765625,-2296.7626953125,764.7005411783854,0.0
-816.0634155273438,-2267.447265625,1090.8272298177083,0.0
-902.5298258463541,-2296.7626953125,984.4674275716146,0.0
-565.4090270996094,-2267.447265625,1239.242919921875,0.0
-666.7996724446615,-2296.7626953125,1157.0445963541667,0.0
-288.95081583658856,-2267.447265625,1330.895751953125,0.0
-399.1901143391927,-2296.7626953125,1274.15771484375,0.0
0.6222890218098959,-2267.447265625,1361.6021728515625,0.0
-112.55493418375652,-2296.7626953125,1330.2021891276042,0.0
290.0237503051758,-2267.447265625,1329.9816487630208,0.0
179.34134419759116,-2296.7626953125,1322.5121256510417,0.0
576.8281453450521,-2236.9873860677085,1257.3729654947917,0.0012048818758169156
-742.9404500325521,-2146.6702473958335,-1160.8297932942708,0.0
-825.483154296875,-2185.7168782552085,-1110.4270426432292,0.0
-746.3812866210938,-2236.9873860677085,-1164.7456461588542,0.0
-151.15191650390625,-2572.310302734375,-325.6390838623047,0.0
-201.04818725585938,-2561.47705078125,-400.61925252278644,0.0
-265.2420196533203,-2532.6663411458335,-566.7662658691406,0.0
-321.5821126302083,-2514.6888834635415,-637.2931009928385,0.0
-377.6180725097656,-2471.705810546875,-804.2308553059896,0.0
-440.03790283203125,-2446.7001953125,-869.8485921223959,0.0
-521.8743794759115,-2389.8224283854165,-1019.6492919921875,0.0
514.1757202148438,-2446.7001953125,828.1867268880209,0.0
446.2744649251302,-2471.705810546875,768.2589314778646,0.0
375.9021504720052,-2514.6888834635415,606.8402709960938,0.0
313.62962849934894,-2532.6663411458335,541.492177327474,0.0
235.19940185546875,-2561.47705078125,381.572270711263,0.0
178.9580535888672,-2572.310302734375,311.22618103027344,0.0
584.4003499348959,-2446.7001953125,780.2218424479166,0.0
511.534423828125,-2471.705810546875,726.4400838216146,0.0
427.36134847005206,-2514.6888834635415,571.769032796224,0.0
359.6303304036458,-2532.6663411458335,512.0970153808594,0.0
267.5606180826823,-2561.47705078125,359.6212921142578,0.0
205.40221150716147,-2572.310302734375,294.44464111328125,0.0
650.1773478190104,-2446.7001953125,726.3190307617188,0.0
572.9013061523438,-2471.705810546875,679.0925903320312,0.0
475.56805419921875,-2514.6888834635415,532.3462727864584,0.0
402.89402262369794,-2532.6663411458335,478.8044738769531,0.0
297.8855285644531,-2561.47705078125,334.9333801269531,0.0
230.28314208984375,-2572.310302734375,275.4222157796224,0.0
711.006103515625,-2446.7001953125,666.8884887695312,0.0
629.9080607096354,-2471.705810546875,626.5768229166666,0.0
520.1554056803385,-2514.6888834635415,488.87206013997394,0.0
443.09144083658856,-2532.6663411458335,441.8679504394531,0.0
325.94334920247394,-2561.47705078125,307.6964162190755,0.0
253.41146850585938,-2572.310302734375,254.30364481608072,0.0
766.4236857096354,-2446.7001953125,602.3825073242188,0.0
682.120849609375,-2471.705810546875,569.2923990885416,0.0
560.7840779622396,-2514.6888834635415,441.67722574869794,0.0
479.9166768391927,-2532.6663411458335,401.5685526529948,0.0
351.5205485026042,-2561.47705078125,278.1177062988281,0.0
274.61118570963544,-2572.310302734375,231.2496795654297,0.0
293.720947265625,-2572.310302734375,206.43576049804688,0.0
374.42246500651044,-2561.47705078125,246.42235310872397,0.0
513.0894673665365,-2532.6663411458335,358.2129720052083,0.0
597.1448262532552,-2514.6888834635415,391.12096150716144,0.0
729.1422729492188,-2471.705810546875,507.6753234863281,0.0
816.00830078125,-2446.7001953125,533.2920430501302,0.0
943.6942545572916,-2389.8224283854165,649.4365234375,0.0
310.5953114827474,-2572.310302734375,180.05074818929037,0.0
394.47479756673175,-2561.47705078125,212.85158030192056,0.0
542.3573099772135,-2532.6663411458335,312.1311747233073,0.0
628.9609375,-2514.6888834635415,337.58802286783856,0.0
770.6144816080729,-2471.705810546875,442.1945292154948,0.0
859.3826090494791,-2446.7001953125,460.1428934733073,0.0
975.8048909505209,-2389.8224283854165,596.7318420410156,0.0
896.2164916992188,-2446.7001953125,383.4917704264323,0.0
806.2218627929688,-2471.705810546875,373.3483581542969,0.0
655.9903055826823,-2514.6888834635415,281.485834757487,0.0
567.4975077311198,-2532.6663411458335,263.6738637288411,0.0
411.5249430338542,-2561.47705078125,177.66087086995444,0.0
325.1058603922526,-2572.310302734375,152.2954355875651,0.0
926.2296346028646,-2446.7001953125,303.92205810546875,0.0
835.6934000651041,-2471.705810546875,301.66078694661456,0.0
678.0271809895834,-2514.6888834635415,223.24137369791666,0.0
588.3187154134115,-2532.6663411458335,213.20983378092447,0.0
425.44313557942706,-2561.47705078125,141.11805470784506,0.0
337.1421610514323,-2572.310302734375,123.38106282552083,0.0
949.193603515625,-2446.7001953125,222.03931681315103,0.0
858.8048095703125,-2471.705810546875,227.67740376790366,0.0
694.9038289388021,-2514.6888834635415,163.29791259765625,0.0
604.6624348958334,-2532.6663411458335,161.12315368652344,0.0
436.12343343098956,-2561.47705078125,103.50124486287434,0.0
346.6125996907552,-2572.310302734375,93.52768580118816,0.0
353.4450988769531,-2572.310302734375,62.9625047047933,0.0
443.4845886230469,-2561.47705078125,65.09672737121582,0.0
616.4043172200521,-2532.6663411458335,107.81022644042969,0.0
706.4918619791666,-2514.6888834635415,102.11165618896484,0.0
875.3801676432291,-2471.705810546875,151.9612553914388,0.0
964.9336140950521,-2446.7001953125,138.4667180379232,0.0
1130.7162272135417,-2389.8224283854165,184.39107259114584,0.0
357.5876973470052,-2572.310302734375,31.91814359029134,0.0
447.47056070963544,-2561.47705078125,26.1967871983846,0.0
623.4549967447916,-2532.6663411458335,53.67680072784424,0.0
712.7030639648438,-2514.6888834635415,40.14826742808024,0.0
885.2933756510416,-2471.705810546875,75.08858553568523,0.0
973.3299357096354,-2446.7001953125,53.840300877889,0.0
1137.5443929036458,-2389.8224283854165,123.05386734008789,0.0
974.3186238606771,-2446.7001953125,-31.195871988932293,0.0
888.468994140625,-2471.705810546875,-2.3555520375569663,0.0
713.4901733398438,-2514.6888834635415,-22.120673497517902,0.0
625.7608032226562,-2532.6663411458335,-0.8651386896769205,0.0
448.0509847005208,-2561.47705078125,-12.90252717336019,0.0
359.00880940755206,-2572.310302734375,0.6308654149373373,0.0
967.8921305338541,-2446.7001953125,-115.99462636311848,0.0
884.8827921549479,-2471.705810546875,-79.78176244099934,0.0
708.8471883138021,-2514.6888834635415,-84.22126134236653,0.0
623.30419921875,-2532.6663411458335,-55.400492350260414,0.0
445.2214864095052,-2561.47705078125,-51.90364456176758,0.0
357.69764200846356,-2572.310302734375,-30.661214192708332,0.0
954.0994059244791,-2446.7001953125,-199.91059366861978,0.0
874.5620930989584,-2471.705810546875,-156.60078938802084,0.0
698.8094278971354,-2514.6888834635415,-145.68088022867838,0.0
616.1038614908854,-2532.6663411458335,-109.51421610514323,0.0
439.0035909016927,-2561.47705078125,-90.50974527994792,0.0
353.66420491536456,-2572.310302734375,-61.71994272867838,0.0
346.93915303548175,-2572.310302734375,-92.30894724527995,0.0
429.44459533691406,-2561.47705078125,-128.42701466878256,0.0
604.214599609375,-2532.6663411458335,-162.7944768269857,0.0
683.4533284505209,-2514.6888834635415,-206.03177897135416,0.0
857.5854695638021,-2471.705810546875,-232.22798665364584,0.0
933.0454305013021,-2446.7001953125,-282.30510965983075,0.0
1101.25,-2389.8224283854165,-316.0128529866536,0.0
337.5736897786458,-2572.310302734375,-122.19542439778645,0.0
416.6172739664714,-2561.47705078125,-165.36687215169272,0.0
587.7269083658854,-2532.6663411458335,-214.83576456705728,0.0
662.8957316080729,-2514.6888834635415,-264.81464131673175,0.0
834.0821126302084,-2471.705810546875,-306.08777872721356,0.0
904.8904012044271,-2446.7001953125,-362.5511169433594,0.0
1081.5161946614583,-2389.8224283854165,-374.4889424641927,0.0
325.6390838623047,-2572.310302734375,-151.15191650390625,0.0
400.61925252278644,-2561.47705078125,-201.04818725585938,0.0
566.7662658691406,-2532.6663411458335,-265.2420196533203,0.0
637.2931009928385,-2514.6888834635415,-321.5821126302083,0.0
804.2308553059896,-2471.705810546875,-377.6180725097656,0.0
869.8485921223959,-2446.7001953125,-440.03790283203125,0.0
1019.6492919921875,-2389.8224283854165,-521.8743794759115,0.0
311.22618103027344,-2572.310302734375,-178.9580535888672,0.0
381.572270711263,-2561.47705078125,-235.19940185546875,0.0
541.492177327474,-2532.6663411458335,-313.62962849934894,0.0
606.8402709960938,-2514.6888834635415,-375.9021504720052,0.0
768.2589314778646,-2471.705810546875,-446.2744649251302,0.0
828.1867268880209,-2446.7001953125,-514.1757202148438,0.0
990.0610148111979,-2389.8224283854165,-576.0353393554688,0.0
294.44464111328125,-2572.310302734375,-205.40221150716147,0.0
359.6212921142578,-2561.47705078125,-267.5606180826823,0.0
512.0970153808594,-2532.6663411458335,-359.6303304036458,0.0
571.769032796224,-2514.6888834635415,-427.36134847005206,0.0
726.4400838216146,-2471.705810546875,-511.534423828125,0.0
780.2218424479166,-2446.7001953125,-584.4003499348959,0.0
955.8648885091146,-2389.8224283854165,-627.4114176432291,0.0
726.3190307617188,-2446.7001953125,-650.1773478190104,0.0
679.0925903320312,-2471.705810546875,-572.9013061523438,0.0
532.3462727864584,-2514.6888834635415,-475.56805419921875,0.0
478.8044738769531,-2532.6663411458335,-402.89402262369794,0.0
334.9333801269531,-2561.47705078125,-297.8855285644531,0.0
275.4222157796224,-2572.310302734375,-230.28314208984375,0.0
666.8884887695312,-2446.7001953125,-711.006103515625,0.0
626.5768229166666,-2471.705810546875,-629.9080607096354,0.0
488.87206013997394,-2514.6888834635415,-520.1554056803385,0.0
441.8679504394531,-2532.6663411458335,-443.09144083658856,0.0
307.6964162190755,-2561.47705078125,-325.94334920247394,0.0
254.30364481608072,-2572.310302734375,-253.41146850585938,0.0
602.3825073242188,-2446.7001953125,-766.4236857096354,0.0
569.2923990885416,-2471.705810546875,-682.120849609375,0.0
441.67722574869794,-2514.6888834635415,-560.7840779622396,0.0
401.5685526529948,-2532.6663411458335,-479.9166768391927,0.0
278.1177062988281,-2561.47705078125,-351.5205485026042,0.0
231.2496795654297,-2572.310302734375,-274.61118570963544,0.0
206.43576049804688,-2572.310302734375,-293.720947265625,0.0
246.42235310872397,-2561.47705078125,-374.42246500651044,0.0
358.2129720052083,-2532.6663411458335,-513.0894673665365,0.0
391.12096150716144,-2514.6888834635415,-597.1448262532552,0.0
507.6753234863281,-2471.705810546875,-729.1422729492188,0.0
533.2920430501302,-2446.7001953125,-816.00830078125,0.0
649.4365234375,-2389.8224283854165,-943.6942545572916,0.0
180.05074818929037,-2572.310302734375,-310.5953114827474,0.0
212.85158030192056,-2561.47705078125,-394.47479756673175,0.0
312.1311747233073,-2532.6663411458335,-542.3573099772135,0.0
337.58802286783856,-2514.6888834635415,-628.9609375,0.0
442.1945292154948,-2471.705810546875,-770.6144816080729,0.0
460.1428934733073,-2446.7001953125,-859.3826090494791,0.0
596.7318420410156,-2389.8224283854165,-975.8048909505209,0.0
383.4917704264323,-2446.7001953125,-896.2164916992188,0.0
373.3483581542969,-2471.705810546875,-806.2218627929688,0.0
281.485834757487,-2514.6888834635415,-655.9903055826823,0.0
263.6738637288411,-2532.6663411458335,-567.4975077311198,0.0
177.66087086995444,-2561.47705078125,-411.5249430338542,0.0
152.2954355875651,-2572.310302734375,-325.1058603922526,0.0
303.92205810546875,-2446.7001953125,-926.2296346028646,0.0
301.66078694661456,-2471.705810546875,-835.6934000651041,0.0
223.24137369791666,-2514.6888834635415,-678.0271809895834,0.0
213.20983378092447,-2532.6663411458335,-588.3187154134115,0.0
141.11805470784506,-2561.47705078125,-425.44313557942706,0.0
123.38106282552083,-2572.310302734375,-337.1421610514323,0.0
222.03931681315103,-2446.7001953125,-949.193603515625,0.0
227.67740376790366,-2471.705810546875,-858.8048095703125,0.0
163.29791259765625,-2514.6888834635415,-694.9038289388021,0.0
161.12315368652344,-2532.6663411458335,-604.6624348958334,0.0
103.50124486287434,-2561.47705078125,-436.12343343098956,0.0
93.52768580118816,-2572.310302734375,-346.6125996907552,0.0
62.9625047047933,-2572.310302734375,-353.4450988769531,0.0
65.09672737121582,-2561.47705078125,-443.4845886230469,0.0
107.81022644042969,-2532.6663411458335,-616.4043172200521,0.0
102.11165618896484,-2514.6888834635415,-706.4918619791666,0.0
151.9612553914388,-2471.705810546875,-875.3801676432291,0.0
138.4667180379232,-2446.7001953125,-964.9336140950521,0.0
184.39107259114584,-2389.8224283854165,-1130.7162272135417,0.0
31.91814359029134,-2572.310302734375,-357.5876973470052,0.0
26.1967871983846,-2561.47705078125,-447.47056070963544,0.0
53.67680072784424,-2532.6663411458335,-623.4549967447916,0.0
40.14826742808024,-2514.6888834635415,-712.7030639648438,0.0
75.08858553568523,-2471.705810546875,-885.2933756510416,0.0
53.840300877889,-2446.7001953125,-973.3299357096354,0.0
123.05386734008789,-2389.8224283854165,-1137.5443929036458,0.0
-31.195871988932293,-2446.7001953125,-974.3186238606771,0.0
-2.3555520375569663,-2471.705810546875,-888.468994140625,0.0
-22.120673497517902,-2514.6888834635415,-713.4901733398438,0.0
-0.8651386896769205,-2532.6663411458335,-625.7608032226562,0.0
-12.90252717336019,-2561.47705078125,-448.0509847005208,0.0
0.6308654149373373,-2572.310302734375,-359.00880940755206,0.0
-115.99462636311848,-2446.7001953125,-967.8921305338541,0.0
-79.78176244099934,-2471.705810546875,-884.8827921549479,0.0
-84.22126134236653,-2514.6888834635415,-708.8471883138021,0.0
-55.400492350260414,-2532.6663411458335,-623.30419921875,0.0
-51.90364456176758,-2561.47705078125,-445.2214864095052,0.0
-30.661214192708332,-2572.310302734375,-357.69764200846356,0.0
-199.91059366861978,-2446.7001953125,-954.0994059244791,0.0
-156.60078938802084,-2471.705810546875,-874.5620930989584,0.0
-145.68088022867838,-2514.6888834635415,-698.8094278971354,0.0
-109.51421610514323,-2532.6663411458335,-616.1038614908854,0.0
-90.50974527994792,-2561.47705078125,-439.0035909016927,0.0
-61.71994272867838,-2572.310302734375,-353.66420491536456,0.0
-92.30894724527995,-2572.310302734375,-346.93915303548175,0.0
-128.42701466878256,-2561.47705078125,-429.44459533691406,0.0
-162.7944768269857,-2532.6663411458335,-604.214599609375,0.0
-206.03177897135416,-2514.6888834635415,-683.4533284505209,0.0
-232.22798665364584,-2471.705810546875,-857.5854695638021,0.0
-282.30510965983075,-2446.7001953125,-933.0454305013021,0.0
-316.0128529866536,-2389.8224283854165,-1101.25,0.0
-122.19542439778645,-2572.310302734375,-337.5736897786458,0.0
-165.36687215169272,-2561.47705078125,-416.6172739664714,0.0
-214.83576456705728,-2532.6663411458335,-587.7269083658854,0.0
-264.81464131673175,-2514.6888834635415,-662.8957316080729,0.0
-306.08777872721356,-2471.705810546875,-834.0821126302084,0.0
-362.5511169433594,-2446.7001953125,-904.8904012044271,0.0
-374.4889424641927,-2389.8224283854165,-1081.5161946614583,0.0
-79.21504211425778,-2586.7623697916665,-161.35651143391922,0.0
-64.85045878092444,-2586.7623697916665,-167.6465454101562,0.0
-49.99232482910153,-2586.7623697916665,-172.6606903076171,0.0
-34.7537180582682,-2586.7623697916665,-176.36077880859366,0.0
-19.250614166259734,-2586.7623697916665,-178.71865844726554,0.0
-3.60100173950192,-2586.7623697916665,-179.71638997395826,0.0
12.07601610819502,-2586.7623697916665,-179.34636433919263,0.0
27.66112836201989,-2586.7623697916665,-177.61139933268223,0.0
43.035722096761106,-2586.7623697916665,-174.52470906575513,0.0
58.082789103190144,-2586.7623697916665,-170.1097819010416,0.0
72.68781026204431,-2586.7623697916665,-164.40021260579422,0.0
86.73963165283207,-2586.7623697916665,-157.43945821126297,0.0
100.13131713867192,-2586.7623697916665,-149.28049723307285,0.0
112.76094055175786,-2586.7623697916665,-139.98542277018223,0.0
124.53238423665368,-2586.7623697916665,-129.62496948242182,0.0
135.35606384277347,-2586.7623697916665,-118.27799479166661,0.0
145.14959716796878,-2586.7623697916665,-106.03085327148432,0.0
153.83845520019534,-2586.7623697916665,-92.97675069173171,0.0
161.3565114339193,-2586.7623697916665,-79.21504211425776,0.0
167.64654541015628,-2586.7623697916665,-64.85045878092443,0.0
172.66069030761722,-2586.7623697916665,-49.992324829101506,0.0
176.36077880859378,-2586.7623697916665,-34.75371805826817,0.0
178.71865844726565,-2586.7623697916665,-19.250614166259705,0.0
179.71638997395837,-2586.7623697916665,-3.6010017395018927,0.0
179.34636433919275,-2586.7623697916665,12.076016108195047,0.0
177.61139933268234,-2586.7623697916665,27.66112836201992,0.0
174.52470906575525,-2586.7623697916665,43.03572209676113,0.0
170.1097819010417,-2586.7623697916665,58.08278910319016,0.0
164.4002126057943,-2586.7623697916665,72.68781026204432,0.0
157.43945821126306,-2586.7623697916665,86.73963165283209,0.0
149.28049723307296,-2586.7623697916665,100.13131713867193,0.0
139.98542277018234,-2586.7623697916665,112.76094055175787,0.0
129.6249694824219,-2586.7623697916665,124.5323842366537,0.0
118.2779947916667,-2586.7623697916665,135.3560638427735,0.0
106.03085327148442,-2586.7623697916665,145.1495971679688,0.0
92.97675069173181,-2586.7623697916665,153.83845520019537,0.0
576.0353393554688,-2389.8224283854165,990.0610148111979,0.0
627.4114176432291,-2389.8224283854165,955.8648885091146,0.0
721.6624552408854,-2357.9502766927085,989.3401692708334,0.0
755.9274291992188,-2389.8224283854165,860.9235636393229,0.0
800.5848999023438,-2389.8224283854165,818.3256022135416,0.0
841.3597819010416,-2389.8224283854165,771.9975789388021,0.0
931.7643229166666,-2357.9502766927085,793.4348754882812,0.0
1077.5194702148438,-2357.9502766927085,582.2143961588541,0.0
1051.091817220052,-2389.8224283854165,455.76885986328125,0.0
1073.5625610351562,-2389.8224283854165,398.28893025716144,0.0
1090.9380900065105,-2389.8224283854165,339.06927998860675,0.0
1182.9072672526042,-2357.9502766927085,314.9155731201172,0.0
1223.3481852213542,-2357.9502766927085,61.45206832885742,0.0
1144.9833577473958,-2389.8224283854165,-36.6018180847168,0.0
1141.0566813151042,-2389.8224283854165,-98.19287109375,0.0
1131.7769368489583,-2389.8224283854165,-159.2073186238607,0.0
1203.4675699869792,-2357.9502766927085,-225.23245493570963,0.0
989.3401692708334,-2357.9502766927085,-721.6624552408854,0.0
860.9235636393229,-2389.8224283854165,-755.9274291992188,0.0
818.3256022135416,-2389.8224283854165,-800.5848999023438,0.0
771.9975789388021,-2389.8224283854165,-841.3597819010416,0.0
793.4348754882812,-2357.9502766927085,-931.7643229166666,0.0
582.2143961588541,-2357.9502766927085,-1077.5194702148438,0.0
455.76885986328125,-2389.8224283854165,-1051.091817220052,0.0
398.28893025716144,-2389.8224283854165,-1073.5625610351562,0.0
339.06927998860675,-2389.8224283854165,-1090.9380900065105,0.0
314.9155731201172,-2357.9502766927085,-1182.9072672526042,0.0
61.45206832885742,-2357.9502766927085,-1223.3481852213542,0.0
-36.6018180847168,-2389.8224283854165,-1144.9833577473958,0.0
-98.19287109375,-2389.8224283854165,-1141.0566813151042,0.0
-159.2073186238607,-2389.8224283854165,-1131.7769368489583,0.0
-225.23245493570963,-2357.9502766927085,-1203.4675699869792,0.0
-471.3923746744792,-2357.9502766927085,-1130.6573486328125,0.0
1130.6573486328125,-2357.9502766927085,-471.3923746744792,0.0
151.15191650390625,-2572.310302734375,325.6390838623047,0.0
201.04818725585938,-2561.47705078125,400.61925252278644,0.0
265.2420196533203,-2532.6663411458335,566.7662658691406,0.0
321.5821126302083,-2514.6888834635415,637.2931009928385,0.0
377.6180725097656,-2471.705810546875,804.2308553059896,0.0
440.03790283203125,-2446.7001953125,869.8485921223959,0.0
521.8743794759115,-2389.8224283854165,1019.6492919921875,0.0
-514.1757202148438,-2446.7001953125,-828.1867268880209,0.0
-446.2744649251302,-2471.705810546875,-768.2589314778646,0.0
-375.9021504720052,-2514.6888834635415,-606.8402709960938,0.0
-313.62962849934894,-2532.6663411458335,-541.492177327474,0.0
-235.19940185546875,-2561.47705078125,-381.572270711263,0.0
-178.9580535888672,-2572.310302734375,-311.22618103027344,0.0
-584.4003499348959,-2446.7001953125,-780.2218424479166,0.0
-511.534423828125,-2471.705810546875,-726.4400838216146,0.0
-427.36134847005206,-2514.6888834635415,-571.769032796224,0.0
-359.6303304036458,-2532.6663411458335,-512.0970153808594,0.0
-267.5606180826823,-2561.47705078125,-359.6212921142578,0.0
-205.40221150716147,-2572.310302734375,-294.44464111328125,0.0
-650.1773478190104,-2446.7001953125,-726.3190307617188,0.0
-572.9013061523438,-2471.705810546875,-679.0925903320312,0.0
-475.56805419921875,-2514.6888834635415,-532.3462727864584,0.0
-402.89402262369794,-2532.6663411458335,-478.8044738769531,0.0
-297.8855285644531,-2561.47705078125,-334.9333801269531,0.0
-230.28314208984375,-2572.310302734375,-275.4222157796224,0.0
-711.006103515625,-2446.7001953125,-666.8884887695312,0.0
-629.9080607096354,-2471.705810546875,-626.5768229166666,0.0
-520.1554056803385,-2514.6888834635415,-488.87206013997394,0.0
-443.09144083658856,-2532.6663411458335,-441.8679504394531,0.0
-325.94334920247394,-2561.47705078125,-307.6964162190755,0.0
-253.41146850585938,-2572.310302734375,-254.30364481608072,0.0
-766.4236857096354,-2446.7001953125,-602.3825073242188,0.0
-682.120849609375,-2471.705810546875,-569.2923990885416,0.0
-560.7840779622396,-2514.6888834635415,-441.67722574869794,0.0
-479.9166768391927,-2532.6663411458335,-401.5685526529948,0.0
-351.5205485026042,-2561.47705078125,-278.1177062988281,0.0
-274.61118570963544,-2572.310302734375,-231.2496795654297,0.0
-293.720947265625,-2572.310302734375,-206.43576049804688,0.0
-374.42246500651044,-2561.47705078125,-246.42235310872397,0.0
-513.0894673665365,-2532.6663411458335,-358.2129720052083,0.0
-597.1448262532552,-2514.6888834635415,-391.12096150716144,0.0
-729.1422729492188,-2471.705810546875,-507.6753234863281,0.0
-816.00830078125,-2446.7001953125,-533.2920430501302,0.0
-943.6942545572916,-2389.8224283854165,-649.4365234375,0.0
-310.5953114827474,-2572.310302734375,-180.05074818929037,0.0
-394.47479756673175,-2561.47705078125,-212.85158030192056,0.0
-542.3573099772135,-2532.6663411458335,-312.1311747233073,0.0
-628.9609375,-2514.6888834635415,-337.58802286783856,0.0
-770.6144816080729,-2471.705810546875,-442.1945292154948,0.0
-859.3826090494791,-2446.7001953125,-460.1428934733073,0.0
-975.8048909505209,-2389.8224283854165,-596.7318420410156,0.0
-896.2164916992188,-2446.7001953125,-383.4917704264323,0.0
-806.2218627929688,-2471.705810546875,-373.3483581542969,0.0
-655.9903055826823,-2514.6888834635415,-281.485834757487,0.0
-567.4975077311198,-2532.6663411458335,-263.6738637288411,0.0
-411.5249430338542,-2561.47705078125,-177.66087086995444,0.0
-325.1058603922526,-2572.310302734375,-152.2954355875651,0.0
-926.2296346028646,-2446.7001953125,-303.92205810546875,0.0
-835.6934000651041,-2471.705810546875,-301.66078694661456,0.0
-678.0271809895834,-2514.6888834635415,-223.24137369791666,0.0
-588.3187154134115,-2532.6663411458335,-213.20983378092447,0.0
-425.44313557942706,-2561.47705078125,-141.11805470784506,0.0
-337.1421610514323,-2572.310302734375,-123.38106282552083,0.0
-949.193603515625,-2446.7001953125,-222.03931681315103,0.0
-858.8048095703125,-2471.705810546875,-227.67740376790366,0.0
-694.9038289388021,-2514.6888834635415,-163.29791259765625,0.0
-604.6624348958334,-2532.6663411458335,-161.12315368652344,0.0
-436.12343343098956,-2561.47705078125,-103.50124486287434,0.0
-346.6125996907552,-2572.310302734375,-93.52768580118816,0.0
-353.4450988769531,-2572.310302734375,-62.9625047047933,0.0
-443.4845886230469,-2561.47705078125,-65.09672737121582,0.0
-616.4043172200521,-2532.6663411458335,-107.81022644042969,0.0
-706.4918619791666,-2514.6888834635415,-102.11165618896484,0.0
-875.3801676432291,-2471.705810546875,-151.9612553914388,0.0
-964.9336140950521,-2446.7001953125,-138.4667180379232,0.0
-1130.7162272135417,-2389.8224283854165,-184.39107259114584,0.0
-357.5876973470052,-2572.310302734375,-31.91814359029134,0.0
-447.47056070963544,-2561.47705078125,-26.1967871983846,0.0
-623.4549967447916,-2532.6663411458335,-53.67680072784424,0.0
-712.7030639648438,-2514.6888834635415,-40.14826742808024,0.0
-885.2933756510416,-2471.705810546875,-75.08858553568523,0.0
-973.3299357096354,-2446.7001953125,-53.840300877889,0.0
-1137.5443929036458,-2389.8224283854165,-123.05386734008789,0.0
-974.3186238606771,-2446.7001953125,31.195871988932293,0.0
-888.468994140625,-2471.705810546875,2.3555520375569663,0.0
-713.4901733398438,-2514.6888834635415,22.120673497517902,0.0
-625.7608032226562,-2532.6663411458335,0.8651386896769205,0.0
-448.0509847005208,-2561.47705078125,12.90252717336019,0.0
-359.00880940755206,-2572.310302734375,-0.6308654149373373,0.0
-967.8921305338541,-2446.7001953125,115.99462636311848,0.0
-884.8827921549479,-2471.705810546875,79.78176244099934,0.0
-708.8471883138021,-2514.6888834635415,84.22126134236653,0.0
-623.30419921875,-2532.6663411458335,55.400492350260414,0.0
-445.2214864095052,-2561.47705078125,51.90364456176758,0.0
-357.69764200846356,-2572.310302734375,30.661214192708332,0.0
-954.0994059244791,-2446.7001953125,199.91059366861978,0.0
-874.5620930989584,-2471.705810546875,156.60078938802084,0.0
-698.8094278971354,-2514.6888834635415,145.68088022867838,0.0
-616.1038614908854,-2532.6663411458335,109.51421610514323,0.0
-439.0035909016927,-2561.47705078125,90.50974527994792,0.0
-353.66420491536456,-2572.310302734375,61.71994272867838,0.0
-346.93915303548175,-2572.310302734375,92.30894724527995,0.0
-429.44459533691406,-2561.47705078125,128.42701466878256,0.0
-604.214599609375,-2532.6663411458335,162.7944768269857,0.0
-683.4533284505209,-2514.6888834635415,206.03177897135416,0.0
-857.5854695638021,-2471.705810546875,232.22798665364584,0.0
-933.0454305013021,-2446.7001953125,282.30510965983075,0.0
-1101.25,-2389.8224283854165,316.0128529866536,0.0
-337.5736897786458,-2572.310302734375,122.19542439778645,0.0
-416.6172739664714,-2561.47705078125,165.36687215169272,0.0
-587.7269083658854,-2532.6663411458335,214.83576456705728,0.0
-662.8957316080729,-2514.6888834635415,264.81464131673175,0.0
-834.0821126302084,-2471.705810546875,306.08777872721356,0.0
-904.8904012044271,-2446.7001953125,362.5511169433594,0.0
-1081.5161946614583,-2389.8224283854165,374.4889424641927,0.0
-325.6390838623047,-2572.310302734375,151.15191650390625,0.0
-400.61925252278644,-2561.47705078125,201.04818725585938,0.0
-566.7662658691406,-2532.6663411458335,265.2420196533203,0.0
-637.2931009928385,-2514.6888834635415,321.5821126302083,0.0
-804.2308553059896,-2471.705810546875,377.6180725097656,0.0
-869.8485921223959,-2446.7001953125,440.03790283203125,0.0
-1019.6492919921875,-2389.8224283854165,521.8743794759115,0.0
-311.22618103027344,-2572.310302734375,178.9580535888672,0.0
-381.572270711263,-2561.47705078125,235.19940185546875,0.0
-541.492177327474,-2532.6663411458335,313.62962849934894,0.0
-606.8402709960938,-2514.6888834635415,375.9021504720052,0.0
-768.2589314778646,-2471.705810546875,446.2744649251302,0.0
-828.1867268880209,-2446.7001953125,514.1757202148438,0.0
-990.0610148111979,-2389.8224283854165,576.0353393554688,0.0
-294.44464111328125,-2572.310302734375,205.40221150716147,0.0
-359.6212921142578,-2561.47705078125,267.5606180826823,0.0
-512.0970153808594,-2532.6663411458335,359.6303304036458,0.0
-571.769032796224,-2514.6888834635415,427.36134847005206,0.0
-726.4400838216146,-2471.705810546875,511.534423828125,0.0
-780.2218424479166,-2446.7001953125,584.4003499348959,0.0
-955.8648885091146,-2389.8224283854165,627.4114176432291,0.0
-726.3190307617188,-2446.7001953125,650.1773478190104,0.0
-679.0925903320312,-2471.705810546875,572.9013061523438,0.0
-532.3462727864584,-2514.6888834635415,475.56805419921875,0.0
-478.8044738769531,-2532.6663411458335,402.89402262369794,0.0
-334.9333801269531,-2561.47705078125,297.8855285644531,0.0
-275.4222157796224,-2572.310302734375,230.28314208984375,0.0
-666.8884887695312,-2446.7001953125,711.006103515625,0.0
-626.5768229166666,-2471.705810546875,629.9080607096354,0.0
-488.87206013997394,-2514.6888834635415,520.1554056803385,0.0
-441.8679504394531,-2532.6663411458335,443.09144083658856,0.0
-307.6964162190755,-2561.47705078125,325.94334920247394,0.0
-254.30364481608072,-2572.310302734375,253.41146850585938,0.0
-602.3825073242188,-2446.7001953125,766.4236857096354,0.0
-569.2923990885416,-2471.705810546875,682.120849609375,0.0
-441.67722574869794,-2514.6888834635415,560.7840779622396,0.0
-401.5685526529948,-2532.6663411458335,479.9166768391927,0.0
-278.1177062988281,-2561.47705078125,351.5205485026042,0.0
-231.2496795654297,-2572.310302734375,274.61118570963544,0.0
-206.43576049804688,-2572.310302734375,293.720947265625,0.0
-246.42235310872397,-2561.47705078125,374.42246500651044,0.0
-358.2129720052083,-2532.6663411458335,513.0894673665365,0.0
-391.12096150716144,-2514.6888834635415,597.1448262532552,0.0
-507.6753234863281,-2471.705810546875,729.1422729492188,0.0
-533.2920430501302,-2446.7001953125,816.00830078125,0.0
-649.4365234375,-2389.8224283854165,943.6942545572916,0.0
-180.05074818929037,-2572.310302734375,310.5953114827474,0.0
-212.85158030192056,-2561.47705078125,394.47479756673175,0.0
-312.1311747233073,-2532.6663411458335,542.3573099772135,0.0
-337.58802286783856,-2514.6888834635415,628.9609375,0.0
-442.1945292154948,-2471.705810546875,770.6144816080729,0.0
-460.1428934733073,-2446.7001953125,859.3826090494791,0.0
-596.7318420410156,-2389.8224283854165,975.8048909505209,0.0
-383.4917704264323,-2446.7001953125,896.2164916992188,0.0
-373.3483581542969,-2471.705810546875,806.2218627929688,0.0
-281.485834757487,-2514.6888834635415,655.9903055826823,0.0
-263.6738637288411,-2532.6663411458335,567.4975077311198,0.0
-177.66087086995444,-2561.47705078125,411.5249430338542,0.0
-152.2954355875651,-2572.310302734375,325.1058603922526,0.0
-303.92205810546875,-2446.7001953125,926.2296346028646,0.0
-301.66078694661456,-2471.705810546875,835.6934000651041,0.0
-223.24137369791666,-2514.6888834635415,678.0271809895834,0.0
-213.20983378092447,-2532.6663411458335,588.3187154134115,0.0
-141.11805470784506,-2561.47705078125,425.44313557942706,0.0
-123.38106282552083,-2572.310302734375,337.1421610514323,0.0
-222.03931681315103,-2446.7001953125,949.193603515625,0.0
-227.67740376790366,-2471.705810546875,858.8048095703125,0.0
-163.29791259765625,-2514.6888834635415,694.9038289388021,0.0
-161.12315368652344,-2532.6663411458335,604.6624348958334,0.0
-103.50124486287434,-2561.47705078125,436.12343343098956,0.0
-93.52768580118816,-2572.310302734375,346.6125996907552,0.0
-62.9625047047933,-2572.310302734375,353.4450988769531,0.0
-65.09672737121582,-2561.47705078125,443.4845886230469,0.0
-107.81022644042969,-2532.6663411458335,616.4043172200521,0.0
-102.11165618896484,-2514.6888834635415,706.4918619791666,0.0
-151.9612553914388,-2471.705810546875,875.3801676432291,0.0
-138.4667180379232,-2446.7001953125,964.9336140950521,0.0
-184.39107259114584,-2389.8224283854165,1130.7162272135417,0.0
-31.91814359029134,-2572.310302734375,357.5876973470052,0.0
-26.1967871983846,-2561.47705078125,447.47056070963544,0.0
-53.67680072784424,-2532.6663411458335,623.4549967447916,0.0
-40.14826742808024,-2514.6888834635415,712.7030639648438,0.0
-75.08858553568523,-2471.705810546875,885.2933756510416,0.0
-53.840300877889,-2446.7001953125,973.3299357096354,0.0
-123.05386734008789,-2389.8224283854165,1137.5443929036458,0.0
31.195871988932293,-2446.7001953125,974.3186238606771,0.0
2.3555520375569663,-2471.705810546875,888.468994140625,0.0
22.120673497517902,-2514.6888834635415,713.4901733398438,0.0
0.8651386896769205,-2532.6663411458335,625.7608032226562,0.0
12.90252717336019,-2561.47705078125,448.0509847005208,0.0
-0.6308654149373373,-2572.310302734375,359.00880940755206,0.0
115.99462636311848,-2446.7001953125,967.8921305338541,0.0
79.78176244099934,-2471.705810546875,884.8827921549479,0.0
84.22126134236653,-2514.6888834635415,708.8471883138021,0.0
55.400492350260414,-2532.6663411458335,623.30419921875,0.0
51.90364456176758,-2561.47705078125,445.2214864095052,0.0
30.661214192708332,-2572.310302734375,357.69764200846356,0.0
199.91059366861978,-2446.7001953125,954.0994059244791,0.0
156.60078938802084,-2471.705810546875,874.5620930989584,0.0
145.68088022867838,-2514.6888834635415,698.8094278971354,0.0
109.51421610514323,-2532.6663411458335,616.1038614908854,0.0
90.50974527994792,-2561.47705078125,439.0035909016927,0.0
61.71994272867838,-2572.310302734375,353.66420491536456,0.0
92.30894724527995,-2572.310302734375,346.93915303548175,0.0
128.42701466878256,-2561.47705078125,429.44459533691406,0.0
162.7944768269857,-2532.6663411458335,604.214599609375,0.0
206.03177897135416,-2514.6888834635415,683.4533284505209,0.0
232.22798665364584,-2471.705810546875,857.5854695638021,0.0
282.30510965983075,-2446.7001953125,933.0454305013021,0.0
316.0128529866536,-2389.8224283854165,1101.25,0.0
122.19542439778645,-2572.310302734375,337.5736897786458,0.0
165.36687215169272,-2561.47705078125,416.6172739664714,0.0
214.83576456705728,-2532.6663411458335,587.7269083658854,0.0
264.81464131673175,-2514.6888834635415,662.8957316080729,0.0
306.08777872721356,-2471.705810546875,834.0821126302084,0.0
362.5511169433594,-2446.7001953125,904.8904012044271,0.0
374.4889424641927,-2389.8224283854165,1081.5161946614583,0.0
79.21504211425784,-2586.7623697916665,161.35651143391934,0.0
64.85045878092451,-2586.7623697916665,167.6465454101563,0.0
49.9923248291016,-2586.7623697916665,172.66069030761727,0.0
34.75371805826826,-2586.7623697916665,176.36077880859384,0.0
19.250614166259798,-2586.7623697916665,178.7186584472657,0.0
3.6010017395019864,-2586.7623697916665,179.7163899739584,0.0
-12.076016108194954,-2586.7623697916665,179.34636433919277,0.0
-27.661128362019824,-2586.7623697916665,177.61139933268237,0.0
-43.03572209676103,-2586.7623697916665,174.52470906575527,0.0
-58.082789103190066,-2586.7623697916665,170.1097819010417,0.0
-72.68781026204424,-2586.7623697916665,164.40021260579434,0.0
-86.73963165283199,-2586.7623697916665,157.4394582112631,0.0
-100.13131713867183,-2586.7623697916665,149.28049723307296,0.0
-112.76094055175777,-2586.7623697916665,139.98542277018234,0.0
-124.53238423665361,-2586.7623697916665,129.62496948242193,0.0
-135.3560638427734,-2586.7623697916665,118.27799479166673,0.0
-145.14959716796872,-2586.7623697916665,106.03085327148443,0.0
-153.83845520019528,-2586.7623697916665,92.97675069173182,0.0
-161.35651143391922,-2586.7623697916665,79.21504211425787,0.0
-167.64654541015622,-2586.7623697916665,64.85045878092454,0.0
-172.66069030761716,-2586.7623697916665,49.99232482910162,0.0
-176.36077880859372,-2586.7623697916665,34.753718058268284,0.0
-178.7186584472656,-2586.7623697916665,19.250614166259826,0.0
-179.7163899739583,-2586.7623697916665,3.6010017395020135,0.0
-179.34636433919266,-2586.7623697916665,-12.076016108194928,0.0
-177.61139933268225,-2586.7623697916665,-27.661128362019795,0.0
-174.52470906575516,-2586.7623697916665,-43.03572209676101,0.0
-170.10978190104163,-2586.7623697916665,-58.082789103190045,0.0
-164.40021260579422,-2586.7623697916665,-72.68781026204421,0.0
-157.43945821126297,-2586.7623697916665,-86.73963165283197,0.0
-149.28049723307288,-2586.7623697916665,-100.13131713867182,0.0
-139.98542277018225,-2586.7623697916665,-112.76094055175776,0.0
-129.62496948242185,-2586.7623697916665,-124.53238423665358,0.0
-118.27799479166663,-2586.7623697916665,-135.35606384277338,0.0
-106.03085327148433,-2586.7623697916665,-145.1495971679687,0.0
-92.97675069173174,-2586.7623697916665,-153.83845520019526,0.0
-576.0353393554688,-2389.8224283854165,-990.0610148111979,0.0
-627.4114176432291,-2389.8224283854165,-955.8648885091146,0.0
-721.6624552408854,-2357.9502766927085,-989.3401692708334,0.0
-755.9274291992188,-2389.8224283854165,-860.9235636393229,0.0
-800.5848999023438,-2389.8224283854165,-818.3256022135416,0.0
-841.3597819010416,-2389.8224283854165,-771.9975789388021,0.0
-931.7643229166666,-2357.9502766927085,-793.4348754882812,0.0
-1077.5194702148438,-2357.9502766927085,-582.2143961588541,0.0
-1051.091817220052,-2389.8224283854165,-455.76885986328125,0.0
-1073.5625610351562,-2389.8224283854165,-398.28893025716144,0.0
-1090.9380900065105,-2389.8224283854165,-339.06927998860675,0.0
-1182.9072672526042,-2357.9502766927085,-314.9155731201172,0.0
-1223.3481852213542,-2357.9502766927085,-61.45206832885742,0.0
-1144.9833577473958,-2389.8224283854165,36.6018180847168,0.0
-1141.0566813151042,-2389.8224283854165,98.19287109375,0.0
-1131.7769368489583,-2389.8224283854165,159.2073186238607,0.0
-1203.4675699869792,-2357.9502766927085,225.23245493570963,0.0
-989.3401692708334,-2357.9502766927085,721.6624552408854,0.0
-860.9235636393229,-2389.8224283854165,755.9274291992188,0.0
-818.3256022135416,-2389.8224283854165,800.5848999023438,0.0
-771.9975789388021,-2389.8224283854165,841.3597819010416,0.0
-793.4348754882812,-2357.9502766927085,931.7643229166666,0.0
-582.2143961588541,-2357.9502766927085,1077.5194702148438,0.0
-455.76885986328125,-2389.8224283854165,1051.091817220052,0.0
-398.28893025716144,-2389.8224283854165,1073.5625610351562,0.0
-339.06927998860675,-2389.8224283854165,1090.9380900065105,0.0
-314.9155731201172,-2357.9502766927085,1182.9072672526042,0.0
-61.45206832885742,-2357.9502766927085,1223.3481852213542,0.0
36.6018180847168,-2389.8224283854165,1144.9833577473958,0.0
98.19287109375,-2389.8224283854165,1141.0566813151042,0.0
159.2073186238607,-2389.8224283854165,1131.7769368489583,0.0
225.23245493570963,-2357.9502766927085,1203.4675699869792,0.0
471.3923746744792,-2357.9502766927085,1130.6573486328125,0.0
-1130.6573486328125,-2357.9502766927085,471.3923746744792,0.0
-38.35772959391276,-553.9617309570312,-38.35772959391276,1.6135943650039737
38.35772959391276,-553.9617309570312,38.35772959391276,1.6135943650039737
191.7886505126953,-553.9617309570312,33.76339467366537,1.6135943650039737
-62.08904520670573,-553.9617309570312,-258.67427825927734,1.6135943650039737
-210.92563120524088,-553.9617309570312,-177.3644816080729,1.6135943650039737
62.08904520670573,-553.9617309570312,258.67427825927734,1.6135943650039737
210.92563120524088,-553.9617309570312,177.3644816080729,1.6135943650039737
-33.76339467366537,-553.9617309570312,191.7886505126953,1.6135943650039737
-177.3644816080729,-553.9617309570312,210.92563120524088,1.6135943650039737
33.76339467366537,-553.9617309570312,-191.7886505126953,1.6135943650039737
177.3644816080729,-553.9617309570312,-210.92563120524088,1.6135943650039737
258.67427825927734,-553.9617309570312,-62.08904520670573,1.6135943650039737
-191.7886505126953,-553.9617309570312,-33.76339467366537,1.6135943650039737
-258.67427825927734,-553.9617309570312,62.08904520670573,1.6135943650039737
-337.3911895751953,-1013.9617309570312,492.3031311035156,1.6135943650039737
-382.12933349609375,-1013.9617309570312,421.4529113769531,1.6135943650039737
-442.57030232747394,-1013.9617309570312,358.0897674560547,1.6135943650039737
379.1040293375651,-1013.9617309570312,-479.3645731608073,1.6135943650039737
302.7377675374349,-1013.9617309570312,-478.37099202473956,1.6135943650039737
366.20404052734375,-1013.9617309570312,-357.096186319987,1.6135943650039737
-88.3447831471761,-1013.9617309570312,-536.7896219889323,1.6135943650039737
-197.5704460144043,-1013.9617309570312,-560.2994283040365,1.6135943650039737
-364.72796122233075,-1013.9617309570312,-468.9808756510417,1.6135943650039737
-389.223637898763,-1013.9617309570312,-407.87890625,1.6135943650039737
-355.2983652750651,-1013.9617309570312,-368.0018615722656,1.6135943650039737
88.3447831471761,-1013.9617309570312,536.7896219889323,1.6135943650039737
197.5704460144043,-1013.9617309570312,560.2994283040365,1.6135943650039737
364.72796122233075,-1013.9617309570312,468.9808756510417,1.6135943650039737
389.223637898763,-1013.9617309570312,407.87890625,1.6135943650039737
355.2983652750651,-1013.9617309570312,368.0018615722656,1.6135943650039737
-366.20404052734375,-1013.9617309570312,357.096186319987,1.6135943650039737
-452.58678181966144,-1013.9617309570312,-347.4379374186198,1.6135943650039737
-539.0731811523438,-1013.9617309570312,-253.73780059814453,1.6135943650039737
-77.74947547912598,-1013.9617309570312,590.7095336914062,1.6135943650039737
-176.99993960062662,-1013.9617309570312,515.9631551106771,1.6135943650039737
176.99993960062662,-1013.9617309570312,-515.9631551106771,1.6135943650039737
77.74947547912598,-1013.9617309570312,-590.7095336914062,1.6135943650039737
452.58678181966144,-1013.9617309570312,347.4379374186198,1.6135943650039737
489.40378824869794,-1013.9617309570312,-272.36162821451825,1.6135943650039737
505.32908121744794,-1013.9617309570312,-336.7183532714844,1.6135943650039737
528.7937723795573,-1013.9617309570312,-136.84246762593588,1.6135943650039737
596.5520426432291,-1013.9617309570312,-17.912380854288738,1.6135943650039737
529.801513671875,-1013.9617309570312,129.83576774597168,1.6135943650039737
539.0731811523438,-1013.9617309570312,253.73780059814453,1.6135943650039737
-529.801513671875,-1013.9617309570312,-129.83576774597168,1.6135943650039737
-596.5520426432291,-1013.9617309570312,17.912380854288738,1.6135943650039737
-528.7937723795573,-1013.9617309570312,136.84246762593588,1.6135943650039737
-524.0572102864584,-1013.9617309570312,286.29376729329425,1.6135943650039737
