cdata,,cps,,I_cpO,,U_infty_x,U_infty_y,U_infty_z
0.000590412035361698,,0.000590412035361698,,265,,0,1,0
0.00507503947280707,,0.00507503947280707,,266,,0,1,0
0.0128426426686002,,0.0128426426686002,,267,,0,1,0
0.0218118774376032,,0.0218118774376032,,268,,0,1,0
0.0295794922664467,,0.0295794922664467,,269,,0,1,0
0.03406410342639,,0.03406410342639,,270,,0,1,0
0.03406410342639,,0.03406410342639,,271,,0,1,0
0.0295794922664467,,0.0295794922664467,,272,,0,1,0
0.0218118774376032,,0.0218118774376032,,273,,0,1,0
0.0128426426686002,,0.0128426426686002,,274,,0,1,0
0.00507503947280707,,0.00507503947280707,,275,,0,1,0
0.000590412035361698,,0.000590412035361698,,276,,0,1,0
0.000590412035361698,,0.000590412035361698,,277,,0,1,0
0.00507503947280707,,0.00507503947280707,,278,,0,1,0
0.0128426426686002,,0.0128426426686002,,279,,0,1,0
0.0218118774376032,,0.0218118774376032,,280,,0,1,0
0.0295794922664467,,0.0295794922664467,,281,,0,1,0
0.03406410342639,,0.03406410342639,,282,,0,1,0
0.03406410342639,,0.03406410342639,,283,,0,1,0
0.0295794922664467,,0.0295794922664467,,284,,0,1,0
0.0218118774376032,,0.0218118774376032,,285,,0,1,0
0.0128426426686002,,0.0128426426686002,,286,,0,1,0
0.00507503947280707,,0.00507503947280707,,287,,0,1,0
0.000590412035361698,,0.000590412035361698,,288,,0,1,0
0.0335033682742552,,0.0335033682742552,,289,,0,1,0
0.0291568764101524,,0.0291568764101524,,290,,0,1,0
0.0291569231889587,,0.0291569231889587,,291,,0,1,0
0.02158289953878,,0.02158289953878,,292,,0,1,0
0.02158289953878,,0.02158289953878,,293,,0,1,0
0.0127644497099909,,0.0127644497099909,,294,,0,1,0
0.0127644401865022,,0.0127644401865022,,295,,0,1,0
0.00506368582399164,,0.00506368582399164,,296,,0,1,0
0.00506368732356777,,0.00506368732356777,,297,,0,1,0
0.0335033682742552,,0.0335033682742552,,298,,0,1,0
0.0335033682742552,,0.0335033682742552,,299,,0,1,0
0.0335033682742552,,0.0335033682742552,,300,,0,1,0
0.0291568764101524,,0.0291568764101524,,301,,0,1,0
0.0291569231889587,,0.0291569231889587,,302,,0,1,0
0.02158289953878,,0.02158289953878,,303,,0,1,0
0.02158289953878,,0.02158289953878,,304,,0,1,0
0.0127644497099909,,0.0127644497099909,,305,,0,1,0
0.0127644401865022,,0.0127644401865022,,306,,0,1,0
0.00506368582399164,,0.00506368582399164,,307,,0,1,0
0.00506368732356777,,0.00506368732356777,,308,,0,1,0
0.0335033682742552,,0.0335033682742552,,309,,0,1,0
0.0291568764101524,,0.0291568764101524,,310,,0,1,0
0.0291569231889587,,0.0291569231889587,,311,,0,1,0
0.02158289953878,,0.02158289953878,,312,,0,1,0
0.02158289953878,,0.02158289953878,,313,,0,1,0
0.0127644497099909,,0.0127644497099909,,314,,0,1,0
0.0127644401865022,,0.0127644401865022,,315,,0,1,0
0.00506368582399164,,0.00506368582399164,,316,,0,1,0
0.00506368732356777,,0.00506368732356777,,317,,0,1,0
0.0335033682742552,,0.0335033682742552,,318,,0,1,0
0.0335033682742552,,0.0335033682742552,,319,,0,1,0
0.0335033682742552,,0.0335033682742552,,320,,0,1,0
0.0291568764101524,,0.0291568764101524,,321,,0,1,0
0.0291569231889587,,0.0291569231889587,,322,,0,1,0
0.02158289953878,,0.02158289953878,,323,,0,1,0
0.02158289953878,,0.02158289953878,,324,,0,1,0
0.0127644497099909,,0.0127644497099909,,325,,0,1,0
0.0127644401865022,,0.0127644401865022,,326,,0,1,0
0.00506368582399164,,0.00506368582399164,,327,,0,1,0
0.00506368732356777,,0.00506368732356777,,328,,0,1,0
0.287986895716024,,0.287986895716024,,329,,0,1,0
0.250625504266866,,0.250625504266866,,330,,0,1,0
0.250625208870161,,0.250625208870161,,331,,0,1,0
0.18552100067695,,0.18552100067695,,332,,0,1,0
0.18552100067695,,0.18552100067695,,333,,0,1,0
0.109719983493247,,0.109719983493247,,334,,0,1,0
0.109719983493247,,0.109719983493247,,335,,0,1,0
0.0435261858613405,,0.0435261858613405,,336,,0,1,0
0.0435261858613405,,0.0435261858613405,,337,,0,1,0
0.287986895716024,,0.287986895716024,,338,,0,1,0
0.287986895716024,,0.287986895716024,,339,,0,1,0
0.287986895716024,,0.287986895716024,,340,,0,1,0
0.250625504266866,,0.250625504266866,,341,,0,1,0
0.250625082271627,,0.250625082271627,,342,,0,1,0
0.18552100067695,,0.18552100067695,,343,,0,1,0
0.185521145905405,,0.185521145905405,,344,,0,1,0
0.109719983493247,,0.109719983493247,,345,,0,1,0
0.109719983493247,,0.109719983493247,,346,,0,1,0
0.0435261858613405,,0.0435261858613405,,347,,0,1,0
0.0435261858613405,,0.0435261858613405,,348,,0,1,0
0.728764849940156,,0.728764849940156,,349,,0,1,0
0.634219697731744,,0.634219697731744,,350,,0,1,0
0.634219697731744,,0.634219697731744,,351,,0,1,0
0.469470432795134,,0.469470432795134,,352,,0,1,0
0.469470432795134,,0.469470432795134,,353,,0,1,0
0.277651998629638,,0.277651998629638,,354,,0,1,0
0.277651820963188,,0.277651820963188,,355,,0,1,0
0.110145177612269,,0.110145177612269,,356,,0,1,0
0.110145275526538,,0.110145275526538,,357,,0,1,0
0.728764849940156,,0.728764849940156,,358,,0,1,0
0.728764849940156,,0.728764849940156,,359,,0,1,0
0.728764849940156,,0.728764849940156,,360,,0,1,0
0.634219697731744,,0.634219697731744,,361,,0,1,0
0.634219697731744,,0.634219697731744,,362,,0,1,0
0.469470432795134,,0.469470432795134,,363,,0,1,0
0.469470606063995,,0.469470606063995,,364,,0,1,0
0.277651998629638,,0.277651998629638,,365,,0,1,0
0.277651820963188,,0.277651820963188,,366,,0,1,0
0.110145177612269,,0.110145177612269,,367,,0,1,0
0.110145275526538,,0.110145275526538,,368,,0,1,0
1.23773172953907,,1.23773172953907,,369,,0,1,0
1.07715686061602,,1.07715686061602,,370,,0,1,0
1.07715703558642,,1.07715703558642,,371,,0,1,0
0.797347096900758,,0.797347096900758,,372,,0,1,0
0.797347397978633,,0.797347397978633,,373,,0,1,0
0.471563074916759,,0.471563074916759,,374,,0,1,0
0.471563074916759,,0.471563074916759,,375,,0,1,0
0.187070214371817,,0.187070214371817,,376,,0,1,0
0.187070214371817,,0.187070214371817,,377,,0,1,0
1.23773172953907,,1.23773172953907,,378,,0,1,0
1.23773172953907,,1.23773172953907,,379,,0,1,0
1.23773172953907,,1.23773172953907,,380,,0,1,0
1.07715703558642,,1.07715703558642,,381,,0,1,0
1.07715686061602,,1.07715686061602,,382,,0,1,0
0.797347096900758,,0.797347096900758,,383,,0,1,0
0.797346795822939,,0.797346795822939,,384,,0,1,0
0.471563074916759,,0.471563074916759,,385,,0,1,0
0.471563074916759,,0.471563074916759,,386,,0,1,0
0.187070214371817,,0.187070214371817,,387,,0,1,0
0.187070214371817,,0.187070214371817,,388,,0,1,0
1.6785095273697,,1.6785095273697,,389,,0,1,0
1.46075143497558,,1.46075143497558,,390,,0,1,0
1.46075143497558,,1.46075143497558,,391,,0,1,0
1.08129625509949,,1.08129625509949,,392,,0,1,0
1.08129660571205,,1.08129660571205,,393,,0,1,0
0.639494935996943,,0.639494935996943,,394,,0,1,0
0.639494935996943,,0.639494935996943,,395,,0,1,0
0.253689213183295,,0.253689213183295,,396,,0,1,0
0.253689213183295,,0.253689213183295,,397,,0,1,0
1.6785095273697,,1.6785095273697,,398,,0,1,0
1.6785095273697,,1.6785095273697,,399,,0,1,0
1.6785095273697,,1.6785095273697,,400,,0,1,0
1.46075143497558,,1.46075143497558,,401,,0,1,0
1.46075163873292,,1.46075163873292,,402,,0,1,0
1.08129625509949,,1.08129625509949,,403,,0,1,0
1.08129625509949,,1.08129625509949,,404,,0,1,0
0.639494935996943,,0.639494935996943,,405,,0,1,0
0.639494935996943,,0.639494935996943,,406,,0,1,0
0.253689213183295,,0.253689213183295,,407,,0,1,0
0.253689213183295,,0.253689213183295,,408,,0,1,0
1.932993709813,,1.932993709813,,409,,0,1,0
1.6822200828375,,1.6822200828375,,410,,0,1,0
1.6822200828375,,1.6822200828375,,411,,0,1,0
1.24523493089158,,1.24523493089158,,412,,0,1,0
1.24523493089158,,1.24523493089158,,413,,0,1,0
0.73645057724778,,0.73645057724778,,414,,0,1,0
0.736450287895536,,0.736450287895536,,415,,0,1,0
0.292151861613547,,0.292151861613547,,416,,0,1,0
0.292151861613547,,0.292151861613547,,417,,0,1,0
1.93299324103169,,1.93299324103169,,418,,0,1,0
1.93299324103169,,1.93299324103169,,419,,0,1,0
1.932993709813,,1.932993709813,,420,,0,1,0
1.6822200828375,,1.6822200828375,,421,,0,1,0
1.68221920820333,,1.68221920820333,,422,,0,1,0
1.24523493089158,,1.24523493089158,,423,,0,1,0
1.24523493089158,,1.24523493089158,,424,,0,1,0
0.73645057724778,,0.73645057724778,,425,,0,1,0
0.736450287895536,,0.736450287895536,,426,,0,1,0
0.292151861613547,,0.292151861613547,,427,,0,1,0
0.292151861613547,,0.292151861613547,,428,,0,1,0
1.932993709813,,1.932993709813,,429,,0,1,0
1.6822200828375,,1.6822200828375,,430,,0,1,0
1.68221920820333,,1.68221920820333,,431,,0,1,0
1.24523493089158,,1.24523493089158,,432,,0,1,0
1.24523493089158,,1.24523493089158,,433,,0,1,0
0.73645057724778,,0.73645057724778,,434,,0,1,0
0.736450287895536,,0.736450287895536,,435,,0,1,0
0.292151861613547,,0.292151861613547,,436,,0,1,0
0.292151861613547,,0.292151861613547,,437,,0,1,0
1.93299324103169,,1.93299324103169,,438,,0,1,0
1.93299324103169,,1.93299324103169,,439,,0,1,0
1.932993709813,,1.932993709813,,440,,0,1,0
1.6822200828375,,1.6822200828375,,441,,0,1,0
1.6822200828375,,1.6822200828375,,442,,0,1,0
1.24523493089158,,1.24523493089158,,443,,0,1,0
1.24523493089158,,1.24523493089158,,444,,0,1,0
0.73645057724778,,0.73645057724778,,445,,0,1,0
0.736450287895536,,0.736450287895536,,446,,0,1,0
0.292151861613547,,0.292151861613547,,447,,0,1,0
0.292151861613547,,0.292151861613547,,448,,0,1,0
1.6785095273697,,1.6785095273697,,449,,0,1,0
1.46075143497558,,1.46075143497558,,450,,0,1,0
1.46075163873292,,1.46075163873292,,451,,0,1,0
1.08129625509949,,1.08129625509949,,452,,0,1,0
1.08129625509949,,1.08129625509949,,453,,0,1,0
0.639494935996943,,0.639494935996943,,454,,0,1,0
0.639494935996943,,0.639494935996943,,455,,0,1,0
0.253689213183295,,0.253689213183295,,456,,0,1,0
0.253689213183295,,0.253689213183295,,457,,0,1,0
1.6785095273697,,1.6785095273697,,458,,0,1,0
1.6785095273697,,1.6785095273697,,459,,0,1,0
1.6785095273697,,1.6785095273697,,460,,0,1,0
1.46075143497558,,1.46075143497558,,461,,0,1,0
1.46075143497558,,1.46075143497558,,462,,0,1,0
1.08129625509949,,1.08129625509949,,463,,0,1,0
1.08129660571205,,1.08129660571205,,464,,0,1,0
0.639494935996943,,0.639494935996943,,465,,0,1,0
0.639494935996943,,0.639494935996943,,466,,0,1,0
0.253689213183295,,0.253689213183295,,467,,0,1,0
0.253689213183295,,0.253689213183295,,468,,0,1,0
1.23773172953907,,1.23773172953907,,469,,0,1,0
1.07715703558642,,1.07715703558642,,470,,0,1,0
1.07715686061602,,1.07715686061602,,471,,0,1,0
0.797347096900758,,0.797347096900758,,472,,0,1,0
0.797346795822939,,0.797346795822939,,473,,0,1,0
0.471563074916759,,0.471563074916759,,474,,0,1,0
0.471563074916759,,0.471563074916759,,475,,0,1,0
0.187070214371817,,0.187070214371817,,476,,0,1,0
0.187070214371817,,0.187070214371817,,477,,0,1,0
1.23773172953907,,1.23773172953907,,478,,0,1,0
1.23773172953907,,1.23773172953907,,479,,0,1,0
1.23773172953907,,1.23773172953907,,480,,0,1,0
1.07715686061602,,1.07715686061602,,481,,0,1,0
1.07715703558642,,1.07715703558642,,482,,0,1,0
0.797347096900758,,0.797347096900758,,483,,0,1,0
0.797347397978633,,0.797347397978633,,484,,0,1,0
0.471563074916759,,0.471563074916759,,485,,0,1,0
0.471563074916759,,0.471563074916759,,486,,0,1,0
0.187070214371817,,0.187070214371817,,487,,0,1,0
0.187070214371817,,0.187070214371817,,488,,0,1,0
0.728764849940156,,0.728764849940156,,489,,0,1,0
0.634219697731744,,0.634219697731744,,490,,0,1,0
0.634219697731744,,0.634219697731744,,491,,0,1,0
0.469470432795134,,0.469470432795134,,492,,0,1,0
0.469470606063995,,0.469470606063995,,493,,0,1,0
0.277651998629638,,0.277651998629638,,494,,0,1,0
0.277651820963188,,0.277651820963188,,495,,0,1,0
0.110145177612269,,0.110145177612269,,496,,0,1,0
0.110145275526538,,0.110145275526538,,497,,0,1,0
0.728764849940156,,0.728764849940156,,498,,0,1,0
0.728764849940156,,0.728764849940156,,499,,0,1,0
0.728764849940156,,0.728764849940156,,500,,0,1,0
0.634219697731744,,0.634219697731744,,501,,0,1,0
0.634219697731744,,0.634219697731744,,502,,0,1,0
0.469470432795134,,0.469470432795134,,503,,0,1,0
0.469470432795134,,0.469470432795134,,504,,0,1,0
0.277651998629638,,0.277651998629638,,505,,0,1,0
0.277651820963188,,0.277651820963188,,506,,0,1,0
0.110145177612269,,0.110145177612269,,507,,0,1,0
0.110145275526538,,0.110145275526538,,508,,0,1,0
0.287986895716024,,0.287986895716024,,509,,0,1,0
0.250625504266866,,0.250625504266866,,510,,0,1,0
0.250625082271627,,0.250625082271627,,511,,0,1,0
0.18552100067695,,0.18552100067695,,512,,0,1,0
0.185521145905405,,0.185521145905405,,513,,0,1,0
0.109719983493247,,0.109719983493247,,514,,0,1,0
0.109719983493247,,0.109719983493247,,515,,0,1,0
0.0435261858613405,,0.0435261858613405,,516,,0,1,0
0.0435261858613405,,0.0435261858613405,,517,,0,1,0
0.287986895716024,,0.287986895716024,,518,,0,1,0
0.287986895716024,,0.287986895716024,,519,,0,1,0
0.287986895716024,,0.287986895716024,,520,,0,1,0
0.250625504266866,,0.250625504266866,,521,,0,1,0
0.250625208870161,,0.250625208870161,,522,,0,1,0
0.18552100067695,,0.18552100067695,,523,,0,1,0
0.18552100067695,,0.18552100067695,,524,,0,1,0
0.109719983493247,,0.109719983493247,,525,,0,1,0
0.109719983493247,,0.109719983493247,,526,,0,1,0
0.0435261858613405,,0.0435261858613405,,527,,0,1,0
0.0435261858613405,,0.0435261858613405,,,,0,1,0
0,,0,,,,0,1,0
0,,0,,,,0,1,0
0,,0,,,,0,1,0
0,,0,,,,0,1,0
0,,0,,,,0,1,0
0,,0,,,,0,1,0
0,,0,,,,0,1,0
0,,0,,,,0,1,0
0,,0,,,,0,1,0
0,,0,,,,0,1,0
0,,0,,,,0,1,0
0,,0,,,,0,1,0
0,,0,,,,0,1,0
0,,0,,,,0,1,0
0,,0,,,,0,1,0
0,,0,,,,0,1,0
0,,0,,,,0,1,0
0,,0,,,,0,1,0
0,,0,,,,0,1,0
0,,0,,,,0,1,0
0,,0,,,,0,1,0
0,,0,,,,0,1,0
0,,0,,,,0,1,0
0,,0,,,,0,1,0
0,,0,,,,0,1,0
0,,0,,,,0,1,0
0,,0,,,,0,1,0
0,,0,,,,0,1,0
0,,0,,,,0,1,0
0,,0,,,,0,1,0
0,,0,,,,0,1,0
0,,0,,,,0,1,0
0,,0,,,,0,1,0
0,,0,,,,0,1,0
0,,0,,,,0,1,0
0,,0,,,,0,1,0
0,,0,,,,0,1,0
0,,0,,,,0,1,0
0,,0,,,,0,1,0
0,,0,,,,0,1,0
0,,0,,,,0,1,0
0,,0,,,,0,1,0
0,,0,,,,0,1,0
0,,0,,,,0,1,0
0,,0,,,,0,1,0
0,,0,,,,0,1,0
0,,0,,,,0,1,0
0,,0,,,,0,1,0
0,,0,,,,0,1,0
0,,0,,,,0,1,0
0,,0,,,,0,1,0
0,,0,,,,0,1,0
0,,0,,,,0,1,0
0,,0,,,,0,1,0
0,,0,,,,0,1,0
0,,0,,,,0,1,0
0,,0,,,,0,1,0
0,,0,,,,0,1,0
0,,0,,,,0,1,0
0,,0,,,,0,1,0
0,,0,,,,0,1,0
0,,0,,,,0,1,0
0,,0,,,,0,1,0
0,,0,,,,0,1,0
0,,0,,,,0,1,0
0,,0,,,,0,1,0
0,,0,,,,0,1,0
0,,0,,,,0,1,0
0,,0,,,,0,1,0
0,,0,,,,0,1,0
0,,0,,,,0,1,0
0,,0,,,,0,1,0
0,,0,,,,0,1,0
0,,0,,,,0,1,0
0,,0,,,,0,1,0
0,,0,,,,0,1,0
0,,0,,,,0,1,0
0,,0,,,,0,1,0
0,,0,,,,0,1,0
0,,0,,,,0,1,0
0,,0,,,,0,1,0
0,,0,,,,0,1,0
0,,0,,,,0,1,0
0,,0,,,,0,1,0
0,,0,,,,0,1,0
0,,0,,,,0,1,0
0,,0,,,,0,1,0
0,,0,,,,0,1,0
0,,0,,,,0,1,0
0,,0,,,,0,1,0
0,,0,,,,0,1,0
0,,0,,,,0,1,0
0,,0,,,,0,1,0
0,,0,,,,0,1,0
0,,0,,,,0,1,0
0,,0,,,,0,1,0
0,,0,,,,0,1,0
0,,0,,,,0,1,0
0,,0,,,,0,1,0
0,,0,,,,0,1,0
0,,0,,,,0,1,0
0,,0,,,,0,1,0
0,,0,,,,0,1,0
0,,0,,,,0,1,0
0,,0,,,,0,1,0
0,,0,,,,0,1,0
0,,0,,,,0,1,0
0,,0,,,,0,1,0
0,,0,,,,0,1,0
0,,0,,,,0,1,0
0,,0,,,,0,1,0
0,,0,,,,0,1,0
0,,0,,,,0,1,0
0,,0,,,,0,1,0
0,,0,,,,0,1,0
0,,0,,,,0,1,0
0,,0,,,,0,1,0
0,,0,,,,0,1,0
0,,0,,,,0,1,0
0,,0,,,,0,1,0
0,,0,,,,0,1,0
0,,0,,,,0,1,0
0,,0,,,,0,1,0
0,,0,,,,0,1,0
0,,0,,,,0,1,0
0,,0,,,,0,1,0
0,,0,,,,0,1,0
0,,0,,,,0,1,0
0,,0,,,,0,1,0
0,,0,,,,0,1,0
0,,0,,,,0,1,0
0,,0,,,,0,1,0
0,,0,,,,0,1,0
0,,0,,,,0,1,0
0,,0,,,,0,1,0
0,,0,,,,0,1,0
0,,0,,,,0,1,0
0,,0,,,,0,1,0
0,,0,,,,0,1,0
0,,0,,,,0,1,0
0,,0,,,,0,1,0
0,,0,,,,0,1,0
0,,0,,,,0,1,0
0,,0,,,,0,1,0
0,,0,,,,0,1,0
0,,0,,,,0,1,0
0,,0,,,,0,1,0
0,,0,,,,0,1,0
0,,0,,,,0,1,0
0,,0,,,,0,1,0
0,,0,,,,0,1,0
0,,0,,,,0,1,0
0,,0,,,,0,1,0
0,,0,,,,0,1,0
0,,0,,,,0,1,0
0,,0,,,,0,1,0
0,,0,,,,0,1,0
0,,0,,,,0,1,0
0,,0,,,,0,1,0
0,,0,,,,0,1,0
0,,0,,,,0,1,0
0,,0,,,,0,1,0
0,,0,,,,0,1,0
0,,0,,,,0,1,0
0,,0,,,,0,1,0
0,,0,,,,0,1,0
0,,0,,,,0,1,0
0,,0,,,,0,1,0
0,,0,,,,0,1,0
0,,0,,,,0,1,0
0,,0,,,,0,1,0
0,,0,,,,0,1,0
0,,0,,,,0,1,0
0,,0,,,,0,1,0
0,,0,,,,0,1,0
0,,0,,,,0,1,0
0,,0,,,,0,1,0
0,,0,,,,0,1,0
0,,0,,,,0,1,0
0,,0,,,,0,1,0
0,,0,,,,0,1,0
0,,0,,,,0,1,0
0,,0,,,,0,1,0
0,,0,,,,0,1,0
0,,0,,,,0,1,0
0,,0,,,,0,1,0
0,,0,,,,0,1,0
0,,0,,,,0,1,0
0,,0,,,,0,1,0
0,,0,,,,0,1,0
0,,0,,,,0,1,0
0,,0,,,,0,1,0
0,,0,,,,0,1,0
0,,0,,,,0,1,0
0,,0,,,,0,1,0
0,,0,,,,0,1,0
0,,0,,,,0,1,0
0,,0,,,,0,1,0
0,,0,,,,0,1,0
0,,0,,,,0,1,0
0,,0,,,,0,1,0
0,,0,,,,0,1,0
0,,0,,,,0,1,0
0,,0,,,,0,1,0
0,,0,,,,0,1,0
0,,0,,,,0,1,0
0,,0,,,,0,1,0
0,,0,,,,0,1,0
0,,0,,,,0,1,0
0,,0,,,,0,1,0
0,,0,,,,0,1,0
0,,0,,,,0,1,0
0,,0,,,,0,1,0
0,,0,,,,0,1,0
0,,0,,,,0,1,0
0,,0,,,,0,1,0
0,,0,,,,0,1,0
0,,0,,,,0,1,0
0,,0,,,,0,1,0
0,,0,,,,0,1,0
0,,0,,,,0,1,0
0,,0,,,,0,1,0
0,,0,,,,0,1,0
0,,0,,,,0,1,0
0,,0,,,,0,1,0
0,,0,,,,0,1,0
0,,0,,,,0,1,0
0,,0,,,,0,1,0
0,,0,,,,0,1,0
0,,0,,,,0,1,0
0,,0,,,,0,1,0
0,,0,,,,0,1,0
0,,0,,,,0,1,0
0,,0,,,,0,1,0
0,,0,,,,0,1,0
0,,0,,,,0,1,0
0,,0,,,,0,1,0
0,,0,,,,0,1,0
0,,0,,,,0,1,0
0,,0,,,,0,1,0
0,,0,,,,0,1,0
0,,0,,,,0,1,0
0,,0,,,,0,1,0
0,,0,,,,0,1,0
0,,0,,,,0,1,0
0,,0,,,,0,1,0
0,,0,,,,0,1,0
0,,0,,,,0,1,0
0,,0,,,,0,1,0
0,,0,,,,0,1,0
0,,0,,,,0,1,0
0,,0,,,,0,1,0
0,,0,,,,0,1,0
0,,0,,,,0,1,0
0,,0,,,,0,1,0
0,,0,,,,0,1,0
0,,0,,,,0,1,0
0,,0,,,,0,1,0
0,,0,,,,0,1,0
0,,0,,,,0,1,0
0,,0,,,,0,1,0
0,,0,,,,0,1,0
0,,0,,,,0,1,0
0,,0,,,,,,
